#,Event: UUID,Event: Title,Event: Subtitle,Competition: Title,Competition: GUID_C,Competition: Discipline,Stage: Kind,Group #,Performance #,Performance: Ranked,Performance: Rank_G,Performance: Description,Performance: Qualification_G,Performance: MarkTTT_G,Performance: Team,Performance: NumberInTeam,Performance: TeamMarkTTT_G,Performance: TeamRank_G,Performance: Discipline,Athlete #,Person: GUID,Person: ExternalID,Person: Surname,Person: GivenName,Person: Representing,Athlete: DateOfBirth,Athlete: Sex,Routine type,Routine #,Frame: State,Frame: SubState,Frame: LastStartTime_G,Frame: LastFinishTime_G,Frame: SJComment,Frame: IsTeamscore,Frame: Qualification,Frame: EAPenTTT_G,Frame: ETPenTTT_G,Frame: PenaltyTT_G,Frame: EMarkTTT_G,Frame: AMarkTTT_G,Frame: DAMarkTT_G,Frame: DBMarkTT_G,Frame: DMarkTT_G,Frame: TMarkTTT_G,Frame: Rank_G,Frame: Qualification_G
1,29dcd5f6-efe0-4433-49bd-5169373911ff,Campeonato Panamericano de Adultos de Gimnasia Rítmica 2021,,,,IND,All-Around,1,1,TRUE,7,,,75.900,1,0,196.400,3,IND,1,,0,KOBELEV,Victoria,USA,17/08/2004,,Hoop,1,PUBLISHED,,2021-06-11 14:30:44.1029697 -0300,2021-06-11 14:35:22.6108379 -0300,,TRUE,,0.900,2.000,0.00,7.100,0.000,9.00,3.80,12.80,19.900,9,
2,29dcd5f6-efe0-4433-49bd-5169373911ff,Campeonato Panamericano de Adultos de Gimnasia Rítmica 2021,,,,IND,All-Around,1,1,TRUE,7,,,75.900,1,0,196.400,3,IND,1,,0,KOBELEV,Victoria,USA,17/08/2004,,Ball,2,PUBLISHED,,2021-06-11 16:16:53.5716266 -0300,2021-06-11 16:18:42.9866875 -0300,,TRUE,,0.900,1.650,0.00,7.450,0.000,7.90,4.10,12.00,19.450,7,
3,29dcd5f6-efe0-4433-49bd-5169373911ff,Campeonato Panamericano de Adultos de Gimnasia Rítmica 2021,,,,IND,All-Around,1,1,TRUE,7,,,75.900,1,0,196.400,3,IND,1,,0,KOBELEV,Victoria,USA,17/08/2004,,Clubs,3,PUBLISHED,,2021-06-12 15:19:43.6366743 -0300,2021-06-12 15:21:28.1425735 -0300,,TRUE,,1.100,2.600,0.00,6.300,0.000,7.60,4.30,11.90,18.200,11,
4,29dcd5f6-efe0-4433-49bd-5169373911ff,Campeonato Panamericano de Adultos de Gimnasia Rítmica 2021,,,,IND,All-Around,1,1,TRUE,7,,,75.900,1,0,196.400,3,IND,1,,0,KOBELEV,Victoria,USA,17/08/2004,,Ribbon,4,PUBLISHED,,2021-06-12 16:54:26.8043889 -0300,2021-06-12 16:55:48.9063643 -0300,,TRUE,,1.000,2.250,0.00,6.750,0.000,6.90,4.70,11.60,18.350,6,
5,29dcd5f6-efe0-4433-49bd-5169373911ff,Campeonato Panamericano de Adultos de Gimnasia Rítmica 2021,,,,IND,All-Around,1,2,TRUE,8,,,75.100,1,0,196.400,3,IND,1,,0,KAUTZMAN,Alexandria Faith,USA,22/11/2005,,Hoop,1,PUBLISHED,,2021-06-11 14:41:38.5186309 -0300,2021-06-11 14:42:33.1832457 -0300,,TRUE,,0.800,1.700,0.00,7.500,0.000,7.80,5.10,12.90,20.400,6,
6,29dcd5f6-efe0-4433-49bd-5169373911ff,Campeonato Panamericano de Adultos de Gimnasia Rítmica 2021,,,,IND,All-Around,1,2,TRUE,8,,,75.100,1,0,196.400,3,IND,1,,0,KAUTZMAN,Alexandria Faith,USA,22/11/2005,,Ball,2,PUBLISHED,,2021-06-11 16:20:25.3352657 -0300,2021-06-11 16:21:58.2894052 -0300,,TRUE,,0.800,2.400,0.00,6.800,0.000,8.00,4.90,12.90,19.700,6,
7,29dcd5f6-efe0-4433-49bd-5169373911ff,Campeonato Panamericano de Adultos de Gimnasia Rítmica 2021,,,,IND,All-Around,1,2,TRUE,8,,,75.100,1,0,196.400,3,IND,1,,0,KAUTZMAN,Alexandria Faith,USA,22/11/2005,,Clubs,3,PUBLISHED,,2021-06-12 15:23:12.6722489 -0300,2021-06-12 15:24:57.2326425 -0300,,TRUE,,0.800,2.150,0.00,7.050,0.000,8.50,5.30,13.80,20.850,5,
8,29dcd5f6-efe0-4433-49bd-5169373911ff,Campeonato Panamericano de Adultos de Gimnasia Rítmica 2021,,,,IND,All-Around,1,2,TRUE,8,,,75.100,1,0,196.400,3,IND,1,,0,KAUTZMAN,Alexandria Faith,USA,22/11/2005,,Ribbon,4,PUBLISHED,,2021-06-12 16:57:51.3791159 -0300,2021-06-12 16:59:26.9155104 -0300,,TRUE,,1.400,3.750,0.00,4.850,0.000,5.70,3.60,9.30,14.150,16,
9,29dcd5f6-efe0-4433-49bd-5169373911ff,Campeonato Panamericano de Adultos de Gimnasia Rítmica 2021,,,,IND,All-Around,1,3,TRUE,6,,,76.550,1,0,196.400,3,IND,1,,0,HOPKINS-WILKINS,Lennox Larae,USA,04/11/2003,,Hoop,1,PUBLISHED,,2021-06-11 14:47:14.5245849 -0300,2021-06-11 14:48:47.2582739 -0300,,TRUE,,0.900,1.650,0.00,7.450,0.000,8.50,4.00,12.50,19.950,8,
10,29dcd5f6-efe0-4433-49bd-5169373911ff,Campeonato Panamericano de Adultos de Gimnasia Rítmica 2021,,,,IND,All-Around,1,3,TRUE,6,,,76.550,1,0,196.400,3,IND,1,,0,HOPKINS-WILKINS,Lennox Larae,USA,04/11/2003,,Ball,2,PUBLISHED,,2021-06-11 16:25:04.2154764 -0300,2021-06-11 16:26:36.1023093 -0300,,TRUE,,0.800,1.450,0.00,7.750,0.000,9.00,4.10,13.10,20.850,4,
11,29dcd5f6-efe0-4433-49bd-5169373911ff,Campeonato Panamericano de Adultos de Gimnasia Rítmica 2021,,,,IND,All-Around,1,3,TRUE,6,,,76.550,1,0,196.400,3,IND,1,,0,HOPKINS-WILKINS,Lennox Larae,USA,04/11/2003,,Clubs,3,PUBLISHED,,2021-06-12 15:26:56.6443568 -0300,2021-06-12 15:28:16.9595634 -0300,,TRUE,,1.400,2.600,0.30,6.000,0.000,7.10,4.20,11.30,17.000,13,
12,29dcd5f6-efe0-4433-49bd-5169373911ff,Campeonato Panamericano de Adultos de Gimnasia Rítmica 2021,,,,IND,All-Around,1,3,TRUE,6,,,76.550,1,0,196.400,3,IND,1,,0,HOPKINS-WILKINS,Lennox Larae,USA,04/11/2003,,Ribbon,4,PUBLISHED,,2021-06-12 17:02:48.0868073 -0300,2021-06-12 17:02:53.3312055 -0300,,TRUE,,0.800,1.950,0.00,7.250,0.000,6.60,4.90,11.50,18.750,5,
13,29dcd5f6-efe0-4433-49bd-5169373911ff,Campeonato Panamericano de Adultos de Gimnasia Rítmica 2021,,,,IND,All-Around,1,4,TRUE,16,,,59.300,0,0,0.000,99,IND,1,,0,SKLIOUTOVSKAYA-LOPEZ,Aleksandra Lilliana,PUR,09/04/2002,,Hoop,1,PUBLISHED,,2021-06-11 14:54:36.4311374 -0300,2021-06-11 14:56:34.6142815 -0300,,FALSE,,1.600,3.400,0.00,5.000,0.000,6.40,3.50,9.90,14.900,16,
14,29dcd5f6-efe0-4433-49bd-5169373911ff,Campeonato Panamericano de Adultos de Gimnasia Rítmica 2021,,,,IND,All-Around,1,4,TRUE,16,,,59.300,0,0,0.000,99,IND,1,,0,SKLIOUTOVSKAYA-LOPEZ,Aleksandra Lilliana,PUR,09/04/2002,,Ball,2,PUBLISHED,,2021-06-11 16:33:57.7292313 -0300,2021-06-11 16:35:39.2057113 -0300,,FALSE,,1.500,3.400,0.00,5.100,0.000,6.60,2.80,9.40,14.500,16,
15,29dcd5f6-efe0-4433-49bd-5169373911ff,Campeonato Panamericano de Adultos de Gimnasia Rítmica 2021,,,,IND,All-Around,1,4,TRUE,16,,,59.300,0,0,0.000,99,IND,1,,0,SKLIOUTOVSKAYA-LOPEZ,Aleksandra Lilliana,PUR,09/04/2002,,Clubs,3,PUBLISHED,,2021-06-12 15:29:56.2718219 -0300,2021-06-12 15:31:28.9099612 -0300,,FALSE,,1.500,3.100,0.00,5.400,0.000,7.20,3.50,10.70,16.100,15,
16,29dcd5f6-efe0-4433-49bd-5169373911ff,Campeonato Panamericano de Adultos de Gimnasia Rítmica 2021,,,,IND,All-Around,1,4,TRUE,16,,,59.300,0,0,0.000,99,IND,1,,0,SKLIOUTOVSKAYA-LOPEZ,Aleksandra Lilliana,PUR,09/04/2002,,Ribbon,4,PUBLISHED,,2021-06-12 17:04:55.3955681 -0300,2021-06-12 17:06:02.3252829 -0300,,FALSE,,2.200,3.200,0.00,4.600,0.000,5.50,3.70,9.20,13.800,17,
17,29dcd5f6-efe0-4433-49bd-5169373911ff,Campeonato Panamericano de Adultos de Gimnasia Rítmica 2021,,,,IND,All-Around,1,5,TRUE,12,,,66.500,0,0,0.000,99,IND,1,,0,RUBILAR SANHUEZA,Javiera Victoria,CHI,06/04/2000,,Hoop,1,PUBLISHED,,2021-06-11 14:59:38.0774446 -0300,2021-06-11 15:01:13.0082304 -0300,,FALSE,,1.600,2.500,0.00,5.900,0.000,6.80,4.20,11.00,16.900,14,
18,29dcd5f6-efe0-4433-49bd-5169373911ff,Campeonato Panamericano de Adultos de Gimnasia Rítmica 2021,,,,IND,All-Around,1,5,TRUE,12,,,66.500,0,0,0.000,99,IND,1,,0,RUBILAR SANHUEZA,Javiera Victoria,CHI,06/04/2000,,Ball,2,PUBLISHED,,2021-06-11 16:38:28.7444448 -0300,2021-06-11 16:40:24.3398386 -0300,,FALSE,,1.500,2.500,0.00,6.000,0.000,7.80,4.10,11.90,17.900,10,
19,29dcd5f6-efe0-4433-49bd-5169373911ff,Campeonato Panamericano de Adultos de Gimnasia Rítmica 2021,,,,IND,All-Around,1,5,TRUE,12,,,66.500,0,0,0.000,99,IND,1,,0,RUBILAR SANHUEZA,Javiera Victoria,CHI,06/04/2000,,Clubs,3,PUBLISHED,,2021-06-12 15:33:29.214312 -0300,2021-06-12 15:35:04.4472149 -0300,,FALSE,,1.700,3.000,0.00,5.300,0.000,7.20,4.50,11.70,17.000,12,
20,29dcd5f6-efe0-4433-49bd-5169373911ff,Campeonato Panamericano de Adultos de Gimnasia Rítmica 2021,,,,IND,All-Around,1,5,TRUE,12,,,66.500,0,0,0.000,99,IND,1,,0,RUBILAR SANHUEZA,Javiera Victoria,CHI,06/04/2000,,Ribbon,4,PUBLISHED,,2021-06-12 17:08:05.788628 -0300,2021-06-12 17:09:49.7850988 -0300,,FALSE,,1.200,2.800,0.00,6.000,0.000,4.80,3.90,8.70,14.700,13,
21,29dcd5f6-efe0-4433-49bd-5169373911ff,Campeonato Panamericano de Adultos de Gimnasia Rítmica 2021,,,,IND,All-Around,1,6,TRUE,17,,,58.300,0,0,0.000,99,IND,1,,0,URRUTIA GUAJARDO,Monserrat Andrea,CHI,29/09/2001,,Hoop,1,PUBLISHED,,2021-06-11 15:03:47.9898368 -0300,2021-06-11 15:05:16.8422709 -0300,,FALSE,,2.000,2.800,0.05,5.200,0.000,5.60,4.30,9.90,15.050,15,
22,29dcd5f6-efe0-4433-49bd-5169373911ff,Campeonato Panamericano de Adultos de Gimnasia Rítmica 2021,,,,IND,All-Around,1,6,TRUE,17,,,58.300,0,0,0.000,99,IND,1,,0,URRUTIA GUAJARDO,Monserrat Andrea,CHI,29/09/2001,,Ball,2,PUBLISHED,,2021-06-11 16:42:31.5929412 -0300,2021-06-11 16:44:17.0732143 -0300,,FALSE,,1.900,3.050,0.00,5.050,0.000,5.60,3.60,9.20,14.250,18,
23,29dcd5f6-efe0-4433-49bd-5169373911ff,Campeonato Panamericano de Adultos de Gimnasia Rítmica 2021,,,,IND,All-Around,1,6,TRUE,17,,,58.300,0,0,0.000,99,IND,1,,0,URRUTIA GUAJARDO,Monserrat Andrea,CHI,29/09/2001,,Clubs,3,PUBLISHED,,2021-06-12 15:36:39.5874568 -0300,2021-06-12 15:38:04.8944523 -0300,,FALSE,,2.100,3.200,0.05,4.700,0.000,6.30,4.50,10.80,15.450,18,
24,29dcd5f6-efe0-4433-49bd-5169373911ff,Campeonato Panamericano de Adultos de Gimnasia Rítmica 2021,,,,IND,All-Around,1,6,TRUE,17,,,58.300,0,0,0.000,99,IND,1,,0,URRUTIA GUAJARDO,Monserrat Andrea,CHI,29/09/2001,,Ribbon,4,PUBLISHED,,2021-06-12 17:11:47.9199238 -0300,2021-06-12 17:13:44.0347929 -0300,,FALSE,,1.800,3.050,0.00,5.150,0.000,4.30,4.10,8.40,13.550,18,
25,29dcd5f6-efe0-4433-49bd-5169373911ff,Campeonato Panamericano de Adultos de Gimnasia Rítmica 2021,,,,IND,All-Around,1,7,TRUE,9,,,71.950,2,0,208.300,2,IND,1,,0,JUAREZ ALADRO,Ledia Damaris,MEX,29/08/2001,,Hoop,1,PUBLISHED,,2021-06-11 15:10:27.4195789 -0300,2021-06-11 15:12:01.8567028 -0300,,TRUE,,1.100,1.900,0.00,7.000,0.000,9.40,4.50,13.90,20.900,5,
26,29dcd5f6-efe0-4433-49bd-5169373911ff,Campeonato Panamericano de Adultos de Gimnasia Rítmica 2021,,,,IND,All-Around,1,7,TRUE,9,,,71.950,2,0,208.300,2,IND,1,,0,JUAREZ ALADRO,Ledia Damaris,MEX,29/08/2001,,Ball,2,PUBLISHED,,2021-06-11 16:46:07.9958133 -0300,2021-06-11 16:47:43.9918639 -0300,,TRUE,,1.300,3.050,0.10,5.650,0.000,6.90,4.30,11.20,16.750,13,
27,29dcd5f6-efe0-4433-49bd-5169373911ff,Campeonato Panamericano de Adultos de Gimnasia Rítmica 2021,,,,IND,All-Around,1,7,TRUE,9,,,71.950,2,0,208.300,2,IND,1,,0,JUAREZ ALADRO,Ledia Damaris,MEX,29/08/2001,,Clubs,3,PUBLISHED,,2021-06-12 15:39:37.8155856 -0300,2021-06-12 15:41:05.3785758 -0300,,TRUE,,1.300,2.750,0.00,5.950,0.000,7.80,4.60,12.40,18.350,10,
28,29dcd5f6-efe0-4433-49bd-5169373911ff,Campeonato Panamericano de Adultos de Gimnasia Rítmica 2021,,,,IND,All-Around,1,7,TRUE,9,,,71.950,2,0,208.300,2,IND,1,,0,JUAREZ ALADRO,Ledia Damaris,MEX,29/08/2001,,Ribbon,4,PUBLISHED,,2021-06-12 17:15:10.4810953 -0300,2021-06-12 17:16:56.1837572 -0300,,TRUE,,1.100,2.650,0.00,6.250,0.000,6.20,3.50,9.70,15.950,10,
29,29dcd5f6-efe0-4433-49bd-5169373911ff,Campeonato Panamericano de Adultos de Gimnasia Rítmica 2021,,,,IND,All-Around,1,8,TRUE,5,,,77.550,2,0,208.300,2,IND,1,,0,DIAZ ARNAL,Karla,MEX,05/07/1995,,Hoop,1,PUBLISHED,,2021-06-11 15:14:53.5746625 -0300,2021-06-11 15:16:26.1708283 -0300,,TRUE,,0.800,2.000,0.00,7.200,0.000,9.80,4.10,13.90,21.100,4,
30,29dcd5f6-efe0-4433-49bd-5169373911ff,Campeonato Panamericano de Adultos de Gimnasia Rítmica 2021,,,,IND,All-Around,1,8,TRUE,5,,,77.550,2,0,208.300,2,IND,1,,0,DIAZ ARNAL,Karla,MEX,05/07/1995,,Ball,2,PUBLISHED,,2021-06-11 16:50:00.9537057 -0300,2021-06-11 16:51:25.368355 -0300,,TRUE,,1.100,3.500,0.00,5.400,0.000,8.10,4.00,12.10,17.500,11,
31,29dcd5f6-efe0-4433-49bd-5169373911ff,Campeonato Panamericano de Adultos de Gimnasia Rítmica 2021,,,,IND,All-Around,1,8,TRUE,5,,,77.550,2,0,208.300,2,IND,1,,0,DIAZ ARNAL,Karla,MEX,05/07/1995,,Clubs,3,PUBLISHED,,2021-06-12 15:43:16.1614225 -0300,2021-06-12 15:44:49.8674097 -0300,,TRUE,,0.700,1.400,0.00,7.900,0.000,9.60,4.30,13.90,21.800,3,
32,29dcd5f6-efe0-4433-49bd-5169373911ff,Campeonato Panamericano de Adultos de Gimnasia Rítmica 2021,,,,IND,All-Around,1,8,TRUE,5,,,77.550,2,0,208.300,2,IND,1,,0,DIAZ ARNAL,Karla,MEX,05/07/1995,,Ribbon,4,PUBLISHED,,2021-06-12 17:18:16.1318813 -0300,2021-06-12 17:20:02.9606802 -0300,,TRUE,,1.000,2.550,0.00,6.450,0.000,6.80,3.90,10.70,17.150,8,
33,29dcd5f6-efe0-4433-49bd-5169373911ff,Campeonato Panamericano de Adultos de Gimnasia Rítmica 2021,,,,IND,All-Around,1,9,TRUE,1,,,91.500,2,0,208.300,2,IND,1,,0,CASTILLO GALINDO,Rut,MEX,16/09/1990,,Hoop,1,PUBLISHED,,2021-06-11 15:18:42.4494366 -0300,2021-06-11 15:20:15.5103271 -0300,,TRUE,,0.600,1.450,0.00,7.950,0.000,10.60,4.50,15.10,23.050,2,
34,29dcd5f6-efe0-4433-49bd-5169373911ff,Campeonato Panamericano de Adultos de Gimnasia Rítmica 2021,,,,IND,All-Around,1,9,TRUE,1,,,91.500,2,0,208.300,2,IND,1,,0,CASTILLO GALINDO,Rut,MEX,16/09/1990,,Ball,2,PUBLISHED,,2021-06-11 16:53:10.2960253 -0300,2021-06-11 16:54:45.0786256 -0300,,TRUE,,0.600,1.450,0.00,7.950,0.000,11.40,4.30,15.70,23.650,1,
35,29dcd5f6-efe0-4433-49bd-5169373911ff,Campeonato Panamericano de Adultos de Gimnasia Rítmica 2021,,,,IND,All-Around,1,9,TRUE,1,,,91.500,2,0,208.300,2,IND,1,,0,CASTILLO GALINDO,Rut,MEX,16/09/1990,,Clubs,3,PUBLISHED,,2021-06-12 15:47:11.0298042 -0300,2021-06-12 15:48:43.0601484 -0300,,TRUE,,0.600,1.200,0.00,8.200,0.000,10.70,4.80,15.50,23.700,1,
36,29dcd5f6-efe0-4433-49bd-5169373911ff,Campeonato Panamericano de Adultos de Gimnasia Rítmica 2021,,,,IND,All-Around,1,9,TRUE,1,,,91.500,2,0,208.300,2,IND,1,,0,CASTILLO GALINDO,Rut,MEX,16/09/1990,,Ribbon,4,PUBLISHED,,2021-06-12 17:22:38.1369744 -0300,2021-06-12 17:24:27.5793308 -0300,,TRUE,,0.600,1.500,0.00,7.900,0.000,8.80,4.40,13.20,21.100,1,
37,29dcd5f6-efe0-4433-49bd-5169373911ff,Campeonato Panamericano de Adultos de Gimnasia Rítmica 2021,,,,IND,All-Around,1,10,TRUE,24,,,28.050,3,0,178.150,4,IND,1,,0,GIL,Martina,ARG,03/11/2003,,Hoop,1,PUBLISHED,,2021-06-11 15:22:44.8096574 -0300,2021-06-11 15:24:18.2050859 -0300,,TRUE,,2.200,3.700,0.00,4.100,0.000,6.00,3.60,9.60,13.700,17,
38,29dcd5f6-efe0-4433-49bd-5169373911ff,Campeonato Panamericano de Adultos de Gimnasia Rítmica 2021,,,,IND,All-Around,1,10,TRUE,24,,,28.050,3,0,178.150,4,IND,1,,0,GIL,Martina,ARG,03/11/2003,,Ball,2,PUBLISHED,,2021-06-11 16:56:30.6932676 -0300,2021-06-11 16:58:01.1631167 -0300,,TRUE,,1.900,2.950,0.00,5.150,0.000,5.80,3.40,9.20,14.350,17,
39,29dcd5f6-efe0-4433-49bd-5169373911ff,Campeonato Panamericano de Adultos de Gimnasia Rítmica 2021,,,,IND,All-Around,1,10,TRUE,24,,,28.050,3,0,178.150,4,IND,1,,0,GIL,Martina,ARG,03/11/2003,,Clubs,3,,,0001-01-01 00:00:00 +0000,0001-01-01 00:00:00 +0000,,TRUE,,0.000,0.000,0.00,0.000,0.000,0.00,0.00,0.00,0.000,24,
40,29dcd5f6-efe0-4433-49bd-5169373911ff,Campeonato Panamericano de Adultos de Gimnasia Rítmica 2021,,,,IND,All-Around,1,10,TRUE,24,,,28.050,3,0,178.150,4,IND,1,,0,GIL,Martina,ARG,03/11/2003,,Ribbon,4,,,0001-01-01 00:00:00 +0000,0001-01-01 00:00:00 +0000,,TRUE,,0.000,0.000,0.00,0.000,0.000,0.00,0.00,0.00,0.000,24,
41,29dcd5f6-efe0-4433-49bd-5169373911ff,Campeonato Panamericano de Adultos de Gimnasia Rítmica 2021,,,,IND,All-Around,1,11,TRUE,13,,,65.650,3,0,178.150,4,IND,1,,0,D'ARCANGELO,Celeste Abril,ARG,07/07/2003,,Hoop,1,PUBLISHED,,2021-06-11 15:26:05.9200653 -0300,2021-06-11 15:27:31.9627603 -0300,,TRUE,,1.700,2.600,0.00,5.700,0.000,8.30,4.00,12.30,18.000,11,
42,29dcd5f6-efe0-4433-49bd-5169373911ff,Campeonato Panamericano de Adultos de Gimnasia Rítmica 2021,,,,IND,All-Around,1,11,TRUE,13,,,65.650,3,0,178.150,4,IND,1,,0,D'ARCANGELO,Celeste Abril,ARG,07/07/2003,,Ball,2,PUBLISHED,,2021-06-11 17:00:10.3993811 -0300,2021-06-11 17:01:26.8359168 -0300,,TRUE,,2.300,2.850,0.30,4.850,0.000,6.30,4.00,10.30,14.850,14,
43,29dcd5f6-efe0-4433-49bd-5169373911ff,Campeonato Panamericano de Adultos de Gimnasia Rítmica 2021,,,,IND,All-Around,1,11,TRUE,13,,,65.650,3,0,178.150,4,IND,1,,0,D'ARCANGELO,Celeste Abril,ARG,07/07/2003,,Clubs,3,PUBLISHED,,2021-06-12 15:54:53.6605188 -0300,2021-06-12 15:56:22.7927415 -0300,,TRUE,,1.600,2.200,0.00,6.200,0.000,8.00,4.40,12.40,18.600,8,
44,29dcd5f6-efe0-4433-49bd-5169373911ff,Campeonato Panamericano de Adultos de Gimnasia Rítmica 2021,,,,IND,All-Around,1,11,TRUE,13,,,65.650,3,0,178.150,4,IND,1,,0,D'ARCANGELO,Celeste Abril,ARG,07/07/2003,,Ribbon,4,PUBLISHED,,2021-06-12 17:29:43.4386806 -0300,2021-06-12 17:31:17.1173385 -0300,,TRUE,,1.700,3.100,0.00,5.200,0.000,5.00,4.00,9.00,14.200,15,
45,29dcd5f6-efe0-4433-49bd-5169373911ff,Campeonato Panamericano de Adultos de Gimnasia Rítmica 2021,,,,IND,All-Around,1,12,TRUE,4,,,80.850,3,0,178.150,4,IND,1,,0,MARTINEZ FAINBERG,Sol Andrea,ARG,13/11/2002,,Hoop,1,PUBLISHED,,2021-06-11 15:29:39.4411663 -0300,2021-06-11 15:31:10.7705796 -0300,,TRUE,,1.400,1.550,0.00,7.050,0.000,8.70,4.50,13.20,20.250,7,
46,29dcd5f6-efe0-4433-49bd-5169373911ff,Campeonato Panamericano de Adultos de Gimnasia Rítmica 2021,,,,IND,All-Around,1,12,TRUE,4,,,80.850,3,0,178.150,4,IND,1,,0,MARTINEZ FAINBERG,Sol Andrea,ARG,13/11/2002,,Ball,2,PUBLISHED,,2021-06-11 17:03:12.2864263 -0300,2021-06-11 17:04:43.1970929 -0300,,TRUE,,1.500,1.250,0.00,7.250,0.000,7.80,5.00,12.80,20.050,5,
47,29dcd5f6-efe0-4433-49bd-5169373911ff,Campeonato Panamericano de Adultos de Gimnasia Rítmica 2021,,,,IND,All-Around,1,12,TRUE,4,,,80.850,3,0,178.150,4,IND,1,,0,MARTINEZ FAINBERG,Sol Andrea,ARG,13/11/2002,,Clubs,3,PUBLISHED,,2021-06-12 15:57:59.3217576 -0300,2021-06-12 15:59:12.4174198 -0300,,TRUE,,1.400,1.550,0.00,7.050,0.000,9.10,4.90,14.00,21.050,4,
48,29dcd5f6-efe0-4433-49bd-5169373911ff,Campeonato Panamericano de Adultos de Gimnasia Rítmica 2021,,,,IND,All-Around,1,12,TRUE,4,,,80.850,3,0,178.150,4,IND,1,,0,MARTINEZ FAINBERG,Sol Andrea,ARG,13/11/2002,,Ribbon,4,PUBLISHED,,2021-06-12 17:33:20.6278612 -0300,2021-06-12 17:44:58.8705878 -0300,,TRUE,,1.000,1.600,0.00,7.400,0.000,7.00,5.10,12.10,19.500,3,
49,29dcd5f6-efe0-4433-49bd-5169373911ff,Campeonato Panamericano de Adultos de Gimnasia Rítmica 2021,,,,IND,All-Around,1,13,TRUE,23,,,31.500,3,0,178.150,4,IND,1,,0,URSO,Candela,ARG,10/02/2003,,Hoop,1,,,0001-01-01 00:00:00 +0000,0001-01-01 00:00:00 +0000,,TRUE,,0.000,0.000,0.00,0.000,0.000,0.00,0.00,0.00,0.000,24,
50,29dcd5f6-efe0-4433-49bd-5169373911ff,Campeonato Panamericano de Adultos de Gimnasia Rítmica 2021,,,,IND,All-Around,1,13,TRUE,23,,,31.500,3,0,178.150,4,IND,1,,0,URSO,Candela,ARG,10/02/2003,,Ball,2,,,0001-01-01 00:00:00 +0000,0001-01-01 00:00:00 +0000,,TRUE,,0.000,0.000,0.00,0.000,0.000,0.00,0.00,0.00,0.000,24,
51,29dcd5f6-efe0-4433-49bd-5169373911ff,Campeonato Panamericano de Adultos de Gimnasia Rítmica 2021,,,,IND,All-Around,1,13,TRUE,23,,,31.500,3,0,178.150,4,IND,1,,0,URSO,Candela,ARG,10/02/2003,,Clubs,3,PUBLISHED,,2021-06-12 15:51:58.7020245 -0300,2021-06-12 15:53:25.4189154 -0300,,TRUE,,1.800,3.000,0.05,5.200,0.000,7.30,3.70,11.00,16.150,14,
52,29dcd5f6-efe0-4433-49bd-5169373911ff,Campeonato Panamericano de Adultos de Gimnasia Rítmica 2021,,,,IND,All-Around,1,13,TRUE,23,,,31.500,3,0,178.150,4,IND,1,,0,URSO,Candela,ARG,10/02/2003,,Ribbon,4,PUBLISHED,,2021-06-12 17:26:32.1323845 -0300,2021-06-12 17:28:03.4005945 -0300,,TRUE,,1.300,2.400,0.15,6.300,0.000,5.10,4.10,9.20,15.350,12,
53,29dcd5f6-efe0-4433-49bd-5169373911ff,Campeonato Panamericano de Adultos de Gimnasia Rítmica 2021,,,,IND,All-Around,1,14,TRUE,19,,,44.950,0,0,0.000,99,IND,1,,0,GENUZIO PAZ,Francesca,BOL,13/03/2005,,Hoop,1,PUBLISHED,,2021-06-11 15:33:16.2474889 -0300,2021-06-11 15:34:48.7908767 -0300,,FALSE,,2.500,3.900,0.30,3.600,0.000,3.60,3.10,6.70,10.000,22,
54,29dcd5f6-efe0-4433-49bd-5169373911ff,Campeonato Panamericano de Adultos de Gimnasia Rítmica 2021,,,,IND,All-Around,1,14,TRUE,19,,,44.950,0,0,0.000,99,IND,1,,0,GENUZIO PAZ,Francesca,BOL,13/03/2005,,Ball,2,PUBLISHED,,2021-06-11 17:06:51.1152898 -0300,2021-06-11 17:08:17.821269 -0300,,FALSE,,2.300,3.500,0.00,4.200,0.000,4.90,3.20,8.10,12.300,19,
55,29dcd5f6-efe0-4433-49bd-5169373911ff,Campeonato Panamericano de Adultos de Gimnasia Rítmica 2021,,,,IND,All-Around,1,14,TRUE,19,,,44.950,0,0,0.000,99,IND,1,,0,GENUZIO PAZ,Francesca,BOL,13/03/2005,,Clubs,3,PUBLISHED,,2021-06-12 14:32:32.0037787 -0300,2021-06-12 14:33:42.7725249 -0300,,FALSE,,1.800,3.350,0.00,4.850,0.000,4.20,3.20,7.40,12.250,20,
56,29dcd5f6-efe0-4433-49bd-5169373911ff,Campeonato Panamericano de Adultos de Gimnasia Rítmica 2021,,,,IND,All-Around,1,14,TRUE,19,,,44.950,0,0,0.000,99,IND,1,,0,GENUZIO PAZ,Francesca,BOL,13/03/2005,,Ribbon,4,PUBLISHED,,2021-06-12 16:09:12.7466531 -0300,2021-06-12 16:10:58.9734089 -0300,,FALSE,,2.400,3.650,0.05,3.950,0.000,3.20,3.30,6.50,10.400,20,
57,29dcd5f6-efe0-4433-49bd-5169373911ff,Campeonato Panamericano de Adultos de Gimnasia Rítmica 2021,,,,IND,All-Around,1,15,TRUE,18,,,45.300,0,0,0.000,99,IND,1,,0,GENUZIO PAZ,Antonella,BOL,20/02/2003,,Hoop,1,PUBLISHED,,2021-06-11 15:37:04.8722005 -0300,2021-06-11 15:38:43.5321717 -0300,,FALSE,,2.200,2.900,0.35,4.900,0.000,5.00,3.70,8.70,13.250,19,
58,29dcd5f6-efe0-4433-49bd-5169373911ff,Campeonato Panamericano de Adultos de Gimnasia Rítmica 2021,,,,IND,All-Around,1,15,TRUE,18,,,45.300,0,0,0.000,99,IND,1,,0,GENUZIO PAZ,Antonella,BOL,20/02/2003,,Ball,2,PUBLISHED,,2021-06-11 17:09:35.9238227 -0300,2021-06-11 17:11:10.1696602 -0300,,FALSE,,2.500,4.000,0.30,3.500,0.000,4.90,3.00,7.90,11.100,21,
59,29dcd5f6-efe0-4433-49bd-5169373911ff,Campeonato Panamericano de Adultos de Gimnasia Rítmica 2021,,,,IND,All-Around,1,15,TRUE,18,,,45.300,0,0,0.000,99,IND,1,,0,GENUZIO PAZ,Antonella,BOL,20/02/2003,,Clubs,3,PUBLISHED,,2021-06-12 14:36:15.1996618 -0300,2021-06-12 14:37:18.4300451 -0300,,FALSE,,2.500,4.900,0.00,2.600,0.000,5.00,2.30,7.30,9.900,23,
60,29dcd5f6-efe0-4433-49bd-5169373911ff,Campeonato Panamericano de Adultos de Gimnasia Rítmica 2021,,,,IND,All-Around,1,15,TRUE,18,,,45.300,0,0,0.000,99,IND,1,,0,GENUZIO PAZ,Antonella,BOL,20/02/2003,,Ribbon,4,PUBLISHED,,2021-06-12 16:13:06.6718863 -0300,2021-06-12 16:14:07.0836134 -0300,,FALSE,,2.200,3.850,0.00,3.950,0.000,3.70,3.40,7.10,11.050,19,
61,29dcd5f6-efe0-4433-49bd-5169373911ff,Campeonato Panamericano de Adultos de Gimnasia Rítmica 2021,,,,IND,All-Around,1,16,TRUE,14,,,65.050,4,0,176.000,5,IND,1,,0,GALINDO SAAVEDRA,Vanessa,COL,17/03/2002,,Hoop,1,PUBLISHED,,2021-06-11 15:40:57.3433649 -0300,2021-06-11 15:42:30.086837 -0300,,TRUE,,1.700,2.400,0.00,5.900,0.000,7.30,4.30,11.60,17.500,12,
62,29dcd5f6-efe0-4433-49bd-5169373911ff,Campeonato Panamericano de Adultos de Gimnasia Rítmica 2021,,,,IND,All-Around,1,16,TRUE,14,,,65.050,4,0,176.000,5,IND,1,,0,GALINDO SAAVEDRA,Vanessa,COL,17/03/2002,,Ball,2,PUBLISHED,,2021-06-11 17:13:55.727833 -0300,2021-06-11 17:15:26.9531998 -0300,,TRUE,,1.600,3.350,0.30,5.050,0.000,6.10,3.80,9.90,14.650,15,
63,29dcd5f6-efe0-4433-49bd-5169373911ff,Campeonato Panamericano de Adultos de Gimnasia Rítmica 2021,,,,IND,All-Around,1,16,TRUE,14,,,65.050,4,0,176.000,5,IND,1,,0,GALINDO SAAVEDRA,Vanessa,COL,17/03/2002,,Clubs,3,PUBLISHED,,2021-06-12 14:44:48.2253117 -0300,2021-06-12 14:44:50.9636047 -0300,,TRUE,,1.800,2.800,0.60,5.400,0.000,7.40,3.80,11.20,16.000,16,
64,29dcd5f6-efe0-4433-49bd-5169373911ff,Campeonato Panamericano de Adultos de Gimnasia Rítmica 2021,,,,IND,All-Around,1,16,TRUE,14,,,65.050,4,0,176.000,5,IND,1,,0,GALINDO SAAVEDRA,Vanessa,COL,17/03/2002,,Ribbon,4,PUBLISHED,,2021-06-12 16:20:02.7867162 -0300,2021-06-12 16:21:37.2651215 -0300,,TRUE,,1.100,2.300,0.00,6.600,0.000,6.50,3.80,10.30,16.900,9,
65,29dcd5f6-efe0-4433-49bd-5169373911ff,Campeonato Panamericano de Adultos de Gimnasia Rítmica 2021,,,,IND,All-Around,1,17,TRUE,10,,,70.500,4,0,176.000,5,IND,1,,0,DUSSAN OROZCO,Lina Marcela,COL,15/03/1998,,Hoop,1,PUBLISHED,,2021-06-11 15:44:28.1396726 -0300,2021-06-11 15:45:55.9134351 -0300,,TRUE,,1.800,2.350,0.30,5.850,0.000,8.20,3.40,11.60,17.150,13,
66,29dcd5f6-efe0-4433-49bd-5169373911ff,Campeonato Panamericano de Adultos de Gimnasia Rítmica 2021,,,,IND,All-Around,1,17,TRUE,10,,,70.500,4,0,176.000,5,IND,1,,0,DUSSAN OROZCO,Lina Marcela,COL,15/03/1998,,Ball,2,PUBLISHED,,2021-06-11 17:17:30.0244821 -0300,2021-06-11 17:19:02.0337911 -0300,,TRUE,,1.300,2.000,0.00,6.700,0.000,8.20,4.30,12.50,19.200,8,
67,29dcd5f6-efe0-4433-49bd-5169373911ff,Campeonato Panamericano de Adultos de Gimnasia Rítmica 2021,,,,IND,All-Around,1,17,TRUE,10,,,70.500,4,0,176.000,5,IND,1,,0,DUSSAN OROZCO,Lina Marcela,COL,15/03/1998,,Clubs,3,PUBLISHED,,2021-06-12 14:46:07.3410547 -0300,2021-06-12 14:47:39.7224193 -0300,,TRUE,,1.400,2.500,0.00,6.100,0.000,8.50,3.80,12.30,18.400,9,
68,29dcd5f6-efe0-4433-49bd-5169373911ff,Campeonato Panamericano de Adultos de Gimnasia Rítmica 2021,,,,IND,All-Around,1,17,TRUE,10,,,70.500,4,0,176.000,5,IND,1,,0,DUSSAN OROZCO,Lina Marcela,COL,15/03/1998,,Ribbon,4,PUBLISHED,,2021-06-12 16:23:34.6923339 -0300,2021-06-12 16:25:07.6620304 -0300,,TRUE,,1.700,2.750,0.00,5.550,0.000,5.90,4.30,10.20,15.750,11,
69,29dcd5f6-efe0-4433-49bd-5169373911ff,Campeonato Panamericano de Adultos de Gimnasia Rítmica 2021,,,,IND,All-Around,1,18,TRUE,11,,,69.750,4,0,176.000,5,IND,1,,0,VIÑAS PEREZ,Oriana Valentina,COL,29/01/2002,,Hoop,1,PUBLISHED,,2021-06-11 15:48:02.0304671 -0300,2021-06-11 15:49:35.4104731 -0300,,TRUE,,1.500,2.200,0.05,6.300,0.000,7.50,4.40,11.90,18.150,10,
70,29dcd5f6-efe0-4433-49bd-5169373911ff,Campeonato Panamericano de Adultos de Gimnasia Rítmica 2021,,,,IND,All-Around,1,18,TRUE,11,,,69.750,4,0,176.000,5,IND,1,,0,VIÑAS PEREZ,Oriana Valentina,COL,29/01/2002,,Ball,2,PUBLISHED,,2021-06-11 17:20:33.0557293 -0300,2021-06-11 17:22:08.0993104 -0300,,TRUE,,1.000,1.900,0.00,7.100,0.000,6.30,4.60,10.90,18.000,9,
71,29dcd5f6-efe0-4433-49bd-5169373911ff,Campeonato Panamericano de Adultos de Gimnasia Rítmica 2021,,,,IND,All-Around,1,18,TRUE,11,,,69.750,4,0,176.000,5,IND,1,,0,VIÑAS PEREZ,Oriana Valentina,COL,29/01/2002,,Clubs,3,PUBLISHED,,2021-06-12 14:43:48.9599607 -0300,2021-06-12 14:43:51.5003814 -0300,,TRUE,,1.300,1.850,0.00,6.850,0.000,7.70,4.40,12.10,18.950,7,
72,29dcd5f6-efe0-4433-49bd-5169373911ff,Campeonato Panamericano de Adultos de Gimnasia Rítmica 2021,,,,IND,All-Around,1,18,TRUE,11,,,69.750,4,0,176.000,5,IND,1,,0,VIÑAS PEREZ,Oriana Valentina,COL,29/01/2002,,Ribbon,4,PUBLISHED,,2021-06-12 16:15:59.7311469 -0300,2021-06-12 16:17:40.5396534 -0300,,TRUE,,1.300,3.250,0.00,5.450,0.000,5.00,4.20,9.20,14.650,14,
73,29dcd5f6-efe0-4433-49bd-5169373911ff,Campeonato Panamericano de Adultos de Gimnasia Rítmica 2021,,,,IND,All-Around,1,19,TRUE,21,,,42.600,5,0,110.900,6,IND,1,,0,RAMÍREZ BRAVO,Nora Ariadna,GUA,24/02/2001,,Hoop,1,PUBLISHED,,2021-06-11 15:51:57.4470173 -0300,2021-06-11 15:53:16.0644779 -0300,,TRUE,,2.600,4.600,0.00,2.800,0.000,2.80,3.60,6.40,9.200,23,
74,29dcd5f6-efe0-4433-49bd-5169373911ff,Campeonato Panamericano de Adultos de Gimnasia Rítmica 2021,,,,IND,All-Around,1,19,TRUE,21,,,42.600,5,0,110.900,6,IND,1,,0,RAMÍREZ BRAVO,Nora Ariadna,GUA,24/02/2001,,Ball,2,PUBLISHED,,2021-06-11 17:30:46.8527749 -0300,2021-06-11 17:31:59.2061682 -0300,,TRUE,,2.200,4.300,0.30,3.500,0.000,3.80,2.80,6.60,9.800,23,
75,29dcd5f6-efe0-4433-49bd-5169373911ff,Campeonato Panamericano de Adultos de Gimnasia Rítmica 2021,,,,IND,All-Around,1,19,TRUE,21,,,42.600,5,0,110.900,6,IND,1,,0,RAMÍREZ BRAVO,Nora Ariadna,GUA,24/02/2001,,Clubs,3,PUBLISHED,,2021-06-12 14:54:15.6567802 -0300,2021-06-12 14:55:48.7696807 -0300,,TRUE,,1.800,3.500,0.00,4.700,0.000,4.60,4.10,8.70,13.400,19,
76,29dcd5f6-efe0-4433-49bd-5169373911ff,Campeonato Panamericano de Adultos de Gimnasia Rítmica 2021,,,,IND,All-Around,1,19,TRUE,21,,,42.600,5,0,110.900,6,IND,1,,0,RAMÍREZ BRAVO,Nora Ariadna,GUA,24/02/2001,,Ribbon,4,PUBLISHED,,2021-06-12 16:26:57.577062 -0300,2021-06-12 16:28:26.7414945 -0300,,TRUE,,2.100,3.800,0.00,4.100,0.000,2.70,3.40,6.10,10.200,22,
77,29dcd5f6-efe0-4433-49bd-5169373911ff,Campeonato Panamericano de Adultos de Gimnasia Rítmica 2021,,,,IND,All-Around,1,20,TRUE,22,,,32.950,5,0,110.900,6,IND,1,,0,DIAZ CABALLEROS,Camila,GUA,23/01/2003,,Hoop,1,PUBLISHED,,2021-06-11 15:55:34.0777019 -0300,2021-06-11 15:57:07.6382009 -0300,,TRUE,,2.200,3.550,0.00,4.250,0.000,2.50,3.80,6.30,10.550,21,
78,29dcd5f6-efe0-4433-49bd-5169373911ff,Campeonato Panamericano de Adultos de Gimnasia Rítmica 2021,,,,IND,All-Around,1,20,TRUE,22,,,32.950,5,0,110.900,6,IND,1,,0,DIAZ CABALLEROS,Camila,GUA,23/01/2003,,Ball,2,PUBLISHED,,2021-06-11 17:24:41.0604458 -0300,2021-06-11 17:25:53.3680923 -0300,,TRUE,,1.600,3.500,0.00,4.900,0.000,4.00,3.30,7.30,12.200,20,
79,29dcd5f6-efe0-4433-49bd-5169373911ff,Campeonato Panamericano de Adultos de Gimnasia Rítmica 2021,,,,IND,All-Around,1,20,TRUE,22,,,32.950,5,0,110.900,6,IND,1,,0,DIAZ CABALLEROS,Camila,GUA,23/01/2003,,Clubs,3,PUBLISHED,,2021-06-12 14:49:50.3358242 -0300,2021-06-12 14:51:24.9393049 -0300,,TRUE,,2.000,3.600,0.00,4.400,0.000,2.30,3.50,5.80,10.200,22,
80,29dcd5f6-efe0-4433-49bd-5169373911ff,Campeonato Panamericano de Adultos de Gimnasia Rítmica 2021,,,,IND,All-Around,1,20,TRUE,22,,,32.950,5,0,110.900,6,IND,1,,0,DIAZ CABALLEROS,Camila,GUA,23/01/2003,,Ribbon,4,,,0001-01-01 00:00:00 +0000,0001-01-01 00:00:00 +0000,,TRUE,,0.000,0.000,0.00,0.000,0.000,0.00,0.00,0.00,0.000,24,
81,29dcd5f6-efe0-4433-49bd-5169373911ff,Campeonato Panamericano de Adultos de Gimnasia Rítmica 2021,,,,IND,All-Around,1,21,TRUE,25,,,10.200,5,0,110.900,6,IND,1,,0,RAMÍREZ DE LEÓN,Mariandreé,GUA,09/01/2004,,Hoop,1,,,0001-01-01 00:00:00 +0000,0001-01-01 00:00:00 +0000,,TRUE,,0.000,0.000,0.00,0.000,0.000,0.00,0.00,0.00,0.000,24,
82,29dcd5f6-efe0-4433-49bd-5169373911ff,Campeonato Panamericano de Adultos de Gimnasia Rítmica 2021,,,,IND,All-Around,1,21,TRUE,25,,,10.200,5,0,110.900,6,IND,1,,0,RAMÍREZ DE LEÓN,Mariandreé,GUA,09/01/2004,,Ball,2,,,0001-01-01 00:00:00 +0000,0001-01-01 00:00:00 +0000,,TRUE,,0.000,0.000,0.00,0.000,0.000,0.00,0.00,0.00,0.000,24,
83,29dcd5f6-efe0-4433-49bd-5169373911ff,Campeonato Panamericano de Adultos de Gimnasia Rítmica 2021,,,,IND,All-Around,1,21,TRUE,25,,,10.200,5,0,110.900,6,IND,1,,0,RAMÍREZ DE LEÓN,Mariandreé,GUA,09/01/2004,,Clubs,3,,,0001-01-01 00:00:00 +0000,0001-01-01 00:00:00 +0000,,TRUE,,0.000,0.000,0.00,0.000,0.000,0.00,0.00,0.00,0.000,24,
84,29dcd5f6-efe0-4433-49bd-5169373911ff,Campeonato Panamericano de Adultos de Gimnasia Rítmica 2021,,,,IND,All-Around,1,21,TRUE,25,,,10.200,5,0,110.900,6,IND,1,,0,RAMÍREZ DE LEÓN,Mariandreé,GUA,09/01/2004,,Ribbon,4,PUBLISHED,,2021-06-12 16:30:09.4172757 -0300,2021-06-12 16:31:27.9726975 -0300,,TRUE,,2.500,3.800,0.00,3.700,0.000,2.70,3.80,6.50,10.200,21,
85,29dcd5f6-efe0-4433-49bd-5169373911ff,Campeonato Panamericano de Adultos de Gimnasia Rítmica 2021,,,,IND,All-Around,1,22,TRUE,20,,,43.750,5,0,110.900,6,IND,1,,0,PORRAS OSORIO,Leslie Elizabeth,GUA,23/09/1999,,Hoop,1,PUBLISHED,,2021-06-11 15:59:46.9220998 -0300,2021-06-11 16:01:18.5503891 -0300,,TRUE,,2.500,3.350,0.00,4.150,0.000,4.00,3.50,7.50,11.650,20,
86,29dcd5f6-efe0-4433-49bd-5169373911ff,Campeonato Panamericano de Adultos de Gimnasia Rítmica 2021,,,,IND,All-Around,1,22,TRUE,20,,,43.750,5,0,110.900,6,IND,1,,0,PORRAS OSORIO,Leslie Elizabeth,GUA,23/09/1999,,Ball,2,PUBLISHED,,2021-06-11 17:33:38.3074492 -0300,2021-06-11 17:35:13.9913008 -0300,,TRUE,,2.300,4.050,0.45,3.650,0.000,4.00,3.60,7.60,10.800,22,
87,29dcd5f6-efe0-4433-49bd-5169373911ff,Campeonato Panamericano de Adultos de Gimnasia Rítmica 2021,,,,IND,All-Around,1,22,TRUE,20,,,43.750,5,0,110.900,6,IND,1,,0,PORRAS OSORIO,Leslie Elizabeth,GUA,23/09/1999,,Clubs,3,PUBLISHED,,2021-06-12 15:00:45.9917307 -0300,2021-06-12 15:02:16.0862934 -0300,,TRUE,,1.900,3.300,0.00,4.800,0.000,3.60,3.50,7.10,11.900,21,
88,29dcd5f6-efe0-4433-49bd-5169373911ff,Campeonato Panamericano de Adultos de Gimnasia Rítmica 2021,,,,IND,All-Around,1,22,TRUE,20,,,43.750,5,0,110.900,6,IND,1,,0,PORRAS OSORIO,Leslie Elizabeth,GUA,23/09/1999,,Ribbon,4,PUBLISHED,,2021-06-12 16:34:00.7548709 -0300,2021-06-12 16:35:31.432347 -0300,,TRUE,,2.400,4.200,0.00,3.400,0.000,2.20,3.80,6.00,9.400,23,
89,29dcd5f6-efe0-4433-49bd-5169373911ff,Campeonato Panamericano de Adultos de Gimnasia Rítmica 2021,,,,IND,All-Around,1,23,TRUE,15,,,63.800,6,0,208.550,1,IND,1,,0,WENDEL JARDIM,Andressa,BRA,28/08/1998,,Hoop,1,PUBLISHED,,2021-06-11 16:04:06.5759922 -0300,2021-06-11 16:05:40.8047329 -0300,,TRUE,,2.000,3.700,0.35,4.300,0.000,5.40,4.20,9.60,13.550,18,
90,29dcd5f6-efe0-4433-49bd-5169373911ff,Campeonato Panamericano de Adultos de Gimnasia Rítmica 2021,,,,IND,All-Around,1,23,TRUE,15,,,63.800,6,0,208.550,1,IND,1,,0,WENDEL JARDIM,Andressa,BRA,28/08/1998,,Ball,2,PUBLISHED,,2021-06-11 17:38:07.8976771 -0300,2021-06-11 17:38:13.7901468 -0300,,TRUE,,1.600,2.400,0.05,6.000,0.000,7.00,4.50,11.50,17.450,12,
91,29dcd5f6-efe0-4433-49bd-5169373911ff,Campeonato Panamericano de Adultos de Gimnasia Rítmica 2021,,,,IND,All-Around,1,23,TRUE,15,,,63.800,6,0,208.550,1,IND,1,,0,WENDEL JARDIM,Andressa,BRA,28/08/1998,,Clubs,3,PUBLISHED,,2021-06-12 15:06:19.97681 -0300,2021-06-12 15:07:35.9767169 -0300,,TRUE,,1.500,3.300,0.00,5.200,0.000,5.60,4.70,10.30,15.500,17,
92,29dcd5f6-efe0-4433-49bd-5169373911ff,Campeonato Panamericano de Adultos de Gimnasia Rítmica 2021,,,,IND,All-Around,1,23,TRUE,15,,,63.800,6,0,208.550,1,IND,1,,0,WENDEL JARDIM,Andressa,BRA,28/08/1998,,Ribbon,4,PUBLISHED,,2021-06-12 16:38:00.2080852 -0300,2021-06-12 16:39:38.0962941 -0300,,TRUE,,1.500,2.500,0.00,6.000,0.000,6.70,4.60,11.30,17.300,7,
93,29dcd5f6-efe0-4433-49bd-5169373911ff,Campeonato Panamericano de Adultos de Gimnasia Rítmica 2021,,,,IND,All-Around,1,24,TRUE,2,,,89.250,6,0,208.550,1,IND,1,,0,GODOY DOMINGOS,Bárbara de Kassia,BRA,02/03/2000,,Hoop,1,PUBLISHED,,2021-06-11 16:07:40.4223701 -0300,2021-06-11 16:09:13.3782885 -0300,,TRUE,,0.900,1.150,0.00,7.950,0.000,10.70,4.60,15.30,23.250,1,
94,29dcd5f6-efe0-4433-49bd-5169373911ff,Campeonato Panamericano de Adultos de Gimnasia Rítmica 2021,,,,IND,All-Around,1,24,TRUE,2,,,89.250,6,0,208.550,1,IND,1,,0,GODOY DOMINGOS,Bárbara de Kassia,BRA,02/03/2000,,Ball,2,PUBLISHED,,2021-06-11 17:40:33.4147897 -0300,2021-06-11 17:42:08.1754053 -0300,,TRUE,,1.000,1.750,0.00,7.250,0.000,10.00,4.70,14.70,21.950,3,
95,29dcd5f6-efe0-4433-49bd-5169373911ff,Campeonato Panamericano de Adultos de Gimnasia Rítmica 2021,,,,IND,All-Around,1,24,TRUE,2,,,89.250,6,0,208.550,1,IND,1,,0,GODOY DOMINGOS,Bárbara de Kassia,BRA,02/03/2000,,Clubs,3,PUBLISHED,,2021-06-12 15:09:21.4862996 -0300,2021-06-12 15:10:58.107395 -0300,,TRUE,,0.800,1.150,0.10,8.050,0.000,11.00,4.50,15.50,23.450,2,
96,29dcd5f6-efe0-4433-49bd-5169373911ff,Campeonato Panamericano de Adultos de Gimnasia Rítmica 2021,,,,IND,All-Around,1,24,TRUE,2,,,89.250,6,0,208.550,1,IND,1,,0,GODOY DOMINGOS,Bárbara de Kassia,BRA,02/03/2000,,Ribbon,4,PUBLISHED,,2021-06-12 16:42:27.8506478 -0300,2021-06-12 16:44:06.0103648 -0300,,TRUE,,0.600,1.500,0.00,7.900,0.000,8.20,4.50,12.70,20.600,2,
97,29dcd5f6-efe0-4433-49bd-5169373911ff,Campeonato Panamericano de Adultos de Gimnasia Rítmica 2021,,,,IND,All-Around,1,25,TRUE,3,,,84.550,6,0,208.550,1,IND,1,,0,AZEVEDO GAUDIO,Natália,BRA,18/12/1992,,Hoop,1,PUBLISHED,,2021-06-11 16:12:54.5851428 -0300,2021-06-11 16:14:27.7778862 -0300,,TRUE,,0.800,1.650,0.00,7.550,0.000,10.40,4.00,14.40,21.950,3,
98,29dcd5f6-efe0-4433-49bd-5169373911ff,Campeonato Panamericano de Adultos de Gimnasia Rítmica 2021,,,,IND,All-Around,1,25,TRUE,3,,,84.550,6,0,208.550,1,IND,1,,0,AZEVEDO GAUDIO,Natália,BRA,18/12/1992,,Ball,2,PUBLISHED,,2021-06-11 17:44:05.0418442 -0300,2021-06-11 17:45:38.9055912 -0300,,TRUE,,0.800,1.350,0.00,7.850,0.000,10.50,4.50,15.00,22.850,2,
99,29dcd5f6-efe0-4433-49bd-5169373911ff,Campeonato Panamericano de Adultos de Gimnasia Rítmica 2021,,,,IND,All-Around,1,25,TRUE,3,,,84.550,6,0,208.550,1,IND,1,,0,AZEVEDO GAUDIO,Natália,BRA,18/12/1992,,Clubs,3,PUBLISHED,,2021-06-12 15:13:13.9818299 -0300,2021-06-12 15:14:44.4084139 -0300,,TRUE,,1.100,2.000,0.00,6.900,0.000,9.60,4.30,13.90,20.800,6,
100,29dcd5f6-efe0-4433-49bd-5169373911ff,Campeonato Panamericano de Adultos de Gimnasia Rítmica 2021,,,,IND,All-Around,1,25,TRUE,3,,,84.550,6,0,208.550,1,IND,1,,0,AZEVEDO GAUDIO,Natália,BRA,18/12/1992,,Ribbon,4,PUBLISHED,,2021-06-12 16:47:53.1359133 -0300,2021-06-12 16:51:15.643345 -0300,,TRUE,,0.800,2.350,0.00,6.850,0.000,7.50,4.60,12.10,18.950,4,
101,29dcd5f6-efe0-4433-49bd-5169373911ff,Campeonato Panamericano de Adultos de Gimnasia Rítmica 2021,,,,IND,Apparatus Final,1,1,TRUE,5,,,20.600,0,0,0.000,99,IND,1,,0,AZEVEDO GAUDIO,Natália,BRA,18/12/1992,,Hoop,1,PUBLISHED,,2021-06-13 14:38:42.8531648 -0300,2021-06-13 14:40:38.5438889 -0300,,FALSE,,1.100,2.250,0.05,6.650,0.000,9.70,4.30,14.00,20.600,5,
102,29dcd5f6-efe0-4433-49bd-5169373911ff,Campeonato Panamericano de Adultos de Gimnasia Rítmica 2021,,,,IND,Apparatus Final,1,2,TRUE,7,,,17.750,0,0,0.000,99,IND,1,,0,MARTINEZ FAINBERG,Sol Andrea,ARG,13/11/2002,,Hoop,1,PUBLISHED,,2021-06-13 14:44:34.6712095 -0300,2021-06-13 14:45:41.5833519 -0300,,FALSE,,0.900,1.950,0.30,7.150,0.000,6.40,4.50,10.90,17.750,7,
103,29dcd5f6-efe0-4433-49bd-5169373911ff,Campeonato Panamericano de Adultos de Gimnasia Rítmica 2021,,,,IND,Apparatus Final,1,3,TRUE,1,,,21.850,0,0,0.000,99,IND,1,,0,DIAZ ARNAL,Karla,MEX,05/07/1995,,Hoop,1,PUBLISHED,,2021-06-13 14:49:28.8781163 -0300,2021-06-13 14:49:29.8724336 -0300,,FALSE,,0.700,1.850,0.00,7.450,0.000,10.50,3.90,14.40,21.850,1,
104,29dcd5f6-efe0-4433-49bd-5169373911ff,Campeonato Panamericano de Adultos de Gimnasia Rítmica 2021,,,,IND,Apparatus Final,1,4,TRUE,6,,,17.850,0,0,0.000,99,IND,1,,0,VIÑAS PEREZ,Oriana Valentina,COL,29/01/2002,,Hoop,1,PUBLISHED,,2021-06-13 14:51:02.5995026 -0300,2021-06-13 14:52:51.6531451 -0300,,FALSE,,1.200,1.700,0.05,7.100,0.000,6.70,4.10,10.80,17.850,6,
105,29dcd5f6-efe0-4433-49bd-5169373911ff,Campeonato Panamericano de Adultos de Gimnasia Rítmica 2021,,,,IND,Apparatus Final,1,5,TRUE,3,,,20.950,0,0,0.000,99,IND,1,,0,HOPKINS-WILKINS,Lennox Larae,USA,04/11/2003,,Hoop,1,PUBLISHED,,2021-06-13 14:54:58.6492434 -0300,2021-06-13 14:56:35.7276124 -0300,,FALSE,,1.000,1.350,0.00,7.650,0.000,9.30,4.00,13.30,20.950,3,
106,29dcd5f6-efe0-4433-49bd-5169373911ff,Campeonato Panamericano de Adultos de Gimnasia Rítmica 2021,,,,IND,Apparatus Final,1,6,TRUE,8,,,17.550,0,0,0.000,99,IND,1,,0,CASTILLO GALINDO,Rut,MEX,16/09/1990,,Hoop,1,PUBLISHED,,2021-06-13 14:58:53.7561103 -0300,2021-06-13 15:00:33.9874785 -0300,,FALSE,,1.200,2.950,0.30,5.850,0.000,9.40,2.60,12.00,17.550,8,
107,29dcd5f6-efe0-4433-49bd-5169373911ff,Campeonato Panamericano de Adultos de Gimnasia Rítmica 2021,,,,IND,Apparatus Final,1,7,TRUE,2,,,21.250,0,0,0.000,99,IND,1,,0,GODOY DOMINGOS,Bárbara de Kassia,BRA,02/03/2000,,Hoop,1,PUBLISHED,,2021-06-13 15:02:22.6307201 -0300,2021-06-13 15:04:08.9200725 -0300,,FALSE,,0.800,1.450,0.00,7.750,0.000,9.50,4.00,13.50,21.250,2,
108,29dcd5f6-efe0-4433-49bd-5169373911ff,Campeonato Panamericano de Adultos de Gimnasia Rítmica 2021,,,,IND,Apparatus Final,1,8,TRUE,4,,,20.900,0,0,0.000,99,IND,1,,0,KAUTZMAN,Alexandria Faith,USA,22/11/2005,,Hoop,1,PUBLISHED,,2021-06-13 15:06:04.8858962 -0300,2021-06-13 15:07:41.2160577 -0300,,FALSE,,1.000,1.700,0.00,7.300,0.000,8.20,5.40,13.60,20.900,4,
109,29dcd5f6-efe0-4433-49bd-5169373911ff,Campeonato Panamericano de Adultos de Gimnasia Rítmica 2021,,,,IND,Apparatus Final,1,1,TRUE,4,,,21.150,0,0,0.000,99,IND,1,,0,CASTILLO GALINDO,Rut,MEX,16/09/1990,,Ball,1,PUBLISHED,,2021-06-13 15:11:14.2274315 -0300,2021-06-13 15:13:09.919874 -0300,,FALSE,,0.900,2.150,0.00,6.950,0.000,10.00,4.20,14.20,21.150,4,
110,29dcd5f6-efe0-4433-49bd-5169373911ff,Campeonato Panamericano de Adultos de Gimnasia Rítmica 2021,,,,IND,Apparatus Final,1,2,TRUE,5,,,20.500,0,0,0.000,99,IND,1,,0,MARTINEZ FAINBERG,Sol Andrea,ARG,13/11/2002,,Ball,1,PUBLISHED,,2021-06-13 15:17:14.9276701 -0300,2021-06-13 15:18:33.6610925 -0300,,FALSE,,0.800,1.600,0.00,7.600,0.000,8.20,4.70,12.90,20.500,5,
111,29dcd5f6-efe0-4433-49bd-5169373911ff,Campeonato Panamericano de Adultos de Gimnasia Rítmica 2021,,,,IND,Apparatus Final,1,3,TRUE,8,,,19.600,0,0,0.000,99,IND,1,,0,DUSSAN OROZCO,Lina Marcela,COL,15/03/1998,,Ball,1,PUBLISHED,,2021-06-13 15:22:47.982513 -0300,2021-06-13 15:23:47.179099 -0300,,FALSE,,1.200,1.800,0.00,7.000,0.000,8.40,4.20,12.60,19.600,8,
112,29dcd5f6-efe0-4433-49bd-5169373911ff,Campeonato Panamericano de Adultos de Gimnasia Rítmica 2021,,,,IND,Apparatus Final,1,4,TRUE,7,,,20.150,0,0,0.000,99,IND,1,,0,VIÑAS PEREZ,Oriana Valentina,COL,29/01/2002,,Ball,1,PUBLISHED,,2021-06-13 15:25:38.4574775 -0300,2021-06-13 15:27:12.6705585 -0300,,FALSE,,0.800,1.450,0.00,7.750,0.000,7.80,4.60,12.40,20.150,7,
113,29dcd5f6-efe0-4433-49bd-5169373911ff,Campeonato Panamericano de Adultos de Gimnasia Rítmica 2021,,,,IND,Apparatus Final,1,5,TRUE,6,,,20.450,0,0,0.000,99,IND,1,,0,HOPKINS-WILKINS,Lennox Larae,USA,04/11/2003,,Ball,1,PUBLISHED,,2021-06-13 15:29:12.5333354 -0300,2021-06-13 15:30:42.3477558 -0300,,FALSE,,0.900,1.650,0.00,7.450,0.000,8.40,4.60,13.00,20.450,6,
114,29dcd5f6-efe0-4433-49bd-5169373911ff,Campeonato Panamericano de Adultos de Gimnasia Rítmica 2021,,,,IND,Apparatus Final,1,6,TRUE,2,,,23.250,0,0,0.000,99,IND,1,,0,AZEVEDO GAUDIO,Natália,BRA,18/12/1992,,Ball,1,PUBLISHED,,2021-06-13 15:32:31.5078864 -0300,2021-06-13 15:34:26.3038904 -0300,,FALSE,,0.900,1.400,0.05,7.700,0.000,11.00,4.60,15.60,23.250,2,
115,29dcd5f6-efe0-4433-49bd-5169373911ff,Campeonato Panamericano de Adultos de Gimnasia Rítmica 2021,,,,IND,Apparatus Final,1,7,TRUE,1,,,23.300,0,0,0.000,99,IND,1,,0,GODOY DOMINGOS,Bárbara de Kassia,BRA,02/03/2000,,Ball,1,PUBLISHED,,2021-06-13 15:45:12.3897845 -0300,2021-06-13 15:47:14.4049374 -0300,,FALSE,,0.800,1.200,0.00,8.000,0.000,10.60,4.70,15.30,23.300,1,
116,29dcd5f6-efe0-4433-49bd-5169373911ff,Campeonato Panamericano de Adultos de Gimnasia Rítmica 2021,,,,IND,Apparatus Final,1,8,TRUE,3,,,21.250,0,0,0.000,99,IND,1,,0,KAUTZMAN,Alexandria Faith,USA,22/11/2005,,Ball,1,PUBLISHED,,2021-06-13 15:49:25.7733174 -0300,2021-06-13 15:51:08.5998408 -0300,,FALSE,,1.000,1.450,0.00,7.550,0.000,8.80,4.90,13.70,21.250,3,
117,29dcd5f6-efe0-4433-49bd-5169373911ff,Campeonato Panamericano de Adultos de Gimnasia Rítmica 2021,,,,IND,Apparatus Final,1,1,TRUE,1,,,24.000,0,0,0.000,99,IND,1,,0,GODOY DOMINGOS,Bárbara de Kassia,BRA,02/03/2000,,Clubs,1,PUBLISHED,,2021-06-13 17:08:26.6144346 -0300,2021-06-13 17:10:22.2410318 -0300,,FALSE,,0.600,1.200,0.00,8.200,0.000,11.20,4.60,15.80,24.000,1,
118,29dcd5f6-efe0-4433-49bd-5169373911ff,Campeonato Panamericano de Adultos de Gimnasia Rítmica 2021,,,,IND,Apparatus Final,1,2,TRUE,5,,,19.750,0,0,0.000,99,IND,1,,0,AZEVEDO GAUDIO,Natália,BRA,18/12/1992,,Clubs,1,PUBLISHED,,2021-06-13 17:12:49.0232659 -0300,2021-06-13 17:14:28.8843315 -0300,,FALSE,,1.000,2.350,0.00,6.650,0.000,8.70,4.40,13.10,19.750,5,
119,29dcd5f6-efe0-4433-49bd-5169373911ff,Campeonato Panamericano de Adultos de Gimnasia Rítmica 2021,,,,IND,Apparatus Final,1,3,TRUE,6,,,17.750,0,0,0.000,99,IND,1,,0,CASTILLO GALINDO,Rut,MEX,16/09/1990,,Clubs,1,PUBLISHED,,2021-06-13 17:38:43.195049 -0300,2021-06-13 17:38:44.2784671 -0300,,FALSE,,1.000,2.950,0.00,6.050,0.000,7.80,3.90,11.70,17.750,6,
120,29dcd5f6-efe0-4433-49bd-5169373911ff,Campeonato Panamericano de Adultos de Gimnasia Rítmica 2021,,,,IND,Apparatus Final,1,4,TRUE,3,,,20.900,0,0,0.000,99,IND,1,,0,DIAZ ARNAL,Karla,MEX,05/07/1995,,Clubs,1,PUBLISHED,,2021-06-13 17:43:52.0760891 -0300,2021-06-13 17:45:27.6171081 -0300,,FALSE,,0.700,1.800,0.00,7.500,0.000,9.30,4.10,13.40,20.900,3,
121,29dcd5f6-efe0-4433-49bd-5169373911ff,Campeonato Panamericano de Adultos de Gimnasia Rítmica 2021,,,,IND,Apparatus Final,1,5,TRUE,7,,,17.100,0,0,0.000,99,IND,1,,0,D'ARCANGELO,Celeste Abril,ARG,07/07/2003,,Clubs,1,PUBLISHED,,2021-06-13 17:47:44.0087314 -0300,2021-06-13 17:49:42.2447561 -0300,,FALSE,,1.300,3.000,0.00,5.700,0.000,7.10,4.30,11.40,17.100,7,
122,29dcd5f6-efe0-4433-49bd-5169373911ff,Campeonato Panamericano de Adultos de Gimnasia Rítmica 2021,,,,IND,Apparatus Final,1,6,TRUE,4,,,20.550,0,0,0.000,99,IND,1,,0,KAUTZMAN,Alexandria Faith,USA,22/11/2005,,Clubs,1,PUBLISHED,,2021-06-13 17:52:07.338935 -0300,2021-06-13 17:53:50.050435 -0300,,FALSE,,0.800,1.950,0.00,7.250,0.000,8.40,4.90,13.30,20.550,4,
123,29dcd5f6-efe0-4433-49bd-5169373911ff,Campeonato Panamericano de Adultos de Gimnasia Rítmica 2021,,,,IND,Apparatus Final,1,7,TRUE,2,,,21.050,0,0,0.000,99,IND,1,,0,MARTINEZ FAINBERG,Sol Andrea,ARG,13/11/2002,,Clubs,1,PUBLISHED,,2021-06-13 17:57:07.5966019 -0300,2021-06-13 17:58:42.8748364 -0300,,FALSE,,1.400,1.950,0.00,6.650,0.000,9.60,4.80,14.40,21.050,2,
124,29dcd5f6-efe0-4433-49bd-5169373911ff,Campeonato Panamericano de Adultos de Gimnasia Rítmica 2021,,,,IND,Apparatus Final,1,8,TRUE,8,,,16.800,0,0,0.000,99,IND,1,,0,VIÑAS PEREZ,Oriana Valentina,COL,29/01/2002,,Clubs,1,PUBLISHED,,2021-06-13 18:01:04.2675127 -0300,2021-06-13 18:02:28.6660195 -0300,,FALSE,,1.100,2.700,0.60,6.200,0.000,6.50,4.70,11.20,16.800,8,
125,29dcd5f6-efe0-4433-49bd-5169373911ff,Campeonato Panamericano de Adultos de Gimnasia Rítmica 2021,,,,IND,Apparatus Final,1,1,TRUE,6,,,17.050,0,0,0.000,99,IND,1,,0,DIAZ ARNAL,Karla,MEX,05/07/1995,,Ribbon,1,PUBLISHED,,2021-06-13 18:08:16.4349215 -0300,2021-06-13 18:10:07.3491788 -0300,,FALSE,,0.800,2.050,0.30,7.150,0.000,6.30,3.90,10.20,17.050,6,
126,29dcd5f6-efe0-4433-49bd-5169373911ff,Campeonato Panamericano de Adultos de Gimnasia Rítmica 2021,,,,IND,Apparatus Final,1,2,TRUE,3,,,19.250,0,0,0.000,99,IND,1,,0,MARTINEZ FAINBERG,Sol Andrea,ARG,13/11/2002,,Ribbon,1,PUBLISHED,,2021-06-13 18:12:37.9170441 -0300,2021-06-13 18:14:03.1426295 -0300,,FALSE,,1.100,1.600,0.05,7.300,0.000,7.30,4.70,12.00,19.250,3,
127,29dcd5f6-efe0-4433-49bd-5169373911ff,Campeonato Panamericano de Adultos de Gimnasia Rítmica 2021,,,,IND,Apparatus Final,1,3,TRUE,2,,,19.300,0,0,0.000,99,IND,1,,0,KOBELEV,Victoria,USA,17/08/2004,,Ribbon,1,PUBLISHED,,2021-06-13 18:15:58.2876175 -0300,2021-06-13 18:17:29.0620022 -0300,,FALSE,,0.700,1.700,0.00,7.600,0.000,7.40,4.30,11.70,19.300,2,
128,29dcd5f6-efe0-4433-49bd-5169373911ff,Campeonato Panamericano de Adultos de Gimnasia Rítmica 2021,,,,IND,Apparatus Final,1,4,TRUE,7,,,15.200,0,0,0.000,99,IND,1,,0,GALINDO SAAVEDRA,Vanessa,COL,17/03/2002,,Ribbon,1,PUBLISHED,,2021-06-13 18:20:17.9419634 -0300,2021-06-13 18:22:09.119878 -0300,,FALSE,,1.200,2.750,0.05,6.050,0.000,4.90,4.30,9.20,15.200,7,
129,29dcd5f6-efe0-4433-49bd-5169373911ff,Campeonato Panamericano de Adultos de Gimnasia Rítmica 2021,,,,IND,Apparatus Final,1,5,TRUE,8,,,14.250,0,0,0.000,99,IND,1,,0,CASTILLO GALINDO,Rut,MEX,16/09/1990,,Ribbon,1,PUBLISHED,,2021-06-13 18:27:09.0089734 -0300,2021-06-13 18:29:03.4297691 -0300,,FALSE,,1.200,3.550,0.60,5.250,0.000,5.70,3.90,9.60,14.250,8,
130,29dcd5f6-efe0-4433-49bd-5169373911ff,Campeonato Panamericano de Adultos de Gimnasia Rítmica 2021,,,,IND,Apparatus Final,1,6,TRUE,1,,,20.650,0,0,0.000,99,IND,1,,0,AZEVEDO GAUDIO,Natália,BRA,18/12/1992,,Ribbon,1,PUBLISHED,,2021-06-13 18:31:20.1130178 -0300,2021-06-13 18:32:49.9958253 -0300,,FALSE,,0.700,1.250,0.00,8.050,0.000,8.00,4.60,12.60,20.650,1,
131,29dcd5f6-efe0-4433-49bd-5169373911ff,Campeonato Panamericano de Adultos de Gimnasia Rítmica 2021,,,,IND,Apparatus Final,1,7,TRUE,5,,,18.100,0,0,0.000,99,IND,1,,0,HOPKINS-WILKINS,Lennox Larae,USA,04/11/2003,,Ribbon,1,PUBLISHED,,2021-06-13 18:34:43.7597988 -0300,2021-06-13 18:36:18.9866598 -0300,,FALSE,,0.800,1.900,0.00,7.300,0.000,6.50,4.30,10.80,18.100,5,
132,29dcd5f6-efe0-4433-49bd-5169373911ff,Campeonato Panamericano de Adultos de Gimnasia Rítmica 2021,,,,IND,Apparatus Final,1,8,TRUE,4,,,18.850,0,0,0.000,99,IND,1,,0,GODOY DOMINGOS,Bárbara de Kassia,BRA,02/03/2000,,Ribbon,1,PUBLISHED,,2021-06-13 18:39:17.9961779 -0300,2021-06-13 18:40:02.6358654 -0300,,FALSE,,0.700,1.850,0.30,7.450,0.000,7.30,4.40,11.70,18.850,4,
133,29dcd5f6-efe0-4433-49bd-5169373911ff,Campeonato Panamericano de Adultos de Gimnasia Rítmica 2021,,,,GROUP,All-Around,1,1,TRUE,4,,,12.200,0,0,0.000,99,IND,1,,0,LOPEZ,Virginia,ARG,20/08/2002,,Hoop,1,PUBLISHED,,2021-06-12 18:17:41.7897178 -0300,2021-06-12 18:20:47.8350487 -0300,,FALSE,,1.900,6.600,0.30,1.500,0.000,6.10,4.90,11.00,12.200,4,
134,29dcd5f6-efe0-4433-49bd-5169373911ff,Campeonato Panamericano de Adultos de Gimnasia Rítmica 2021,,,,GROUP,All-Around,1,1,TRUE,4,,,12.200,0,0,0.000,99,IND,1,,0,LOPEZ,Virginia,ARG,20/08/2002,,Clubs,2,PUBLISHED,,2021-06-11 18:35:32.6515534 -0300,2021-06-11 18:37:53.595084 -0300,,FALSE,,0.000,0.000,0.00,0.000,0.000,0.00,0.00,0.00,0.000,4,
135,29dcd5f6-efe0-4433-49bd-5169373911ff,Campeonato Panamericano de Adultos de Gimnasia Rítmica 2021,,,,GROUP,All-Around,1,1,TRUE,4,,,12.200,0,0,0.000,99,IND,2,,0,LONDERO,Paula Valentina,ARG,18/01/2001,,Hoop,1,PUBLISHED,,2021-06-12 18:17:41.7897178 -0300,2021-06-12 18:20:47.8350487 -0300,,FALSE,,1.900,6.600,0.30,1.500,0.000,6.10,4.90,11.00,12.200,4,
136,29dcd5f6-efe0-4433-49bd-5169373911ff,Campeonato Panamericano de Adultos de Gimnasia Rítmica 2021,,,,GROUP,All-Around,1,1,TRUE,4,,,12.200,0,0,0.000,99,IND,2,,0,LONDERO,Paula Valentina,ARG,18/01/2001,,Clubs,2,PUBLISHED,,2021-06-11 18:35:32.6515534 -0300,2021-06-11 18:37:53.595084 -0300,,FALSE,,0.000,0.000,0.00,0.000,0.000,0.00,0.00,0.00,0.000,4,
137,29dcd5f6-efe0-4433-49bd-5169373911ff,Campeonato Panamericano de Adultos de Gimnasia Rítmica 2021,,,,GROUP,All-Around,1,1,TRUE,4,,,12.200,0,0,0.000,99,IND,3,,0,MORALES,Karen Alejandra,ARG,01/10/2001,,Hoop,1,PUBLISHED,,2021-06-12 18:17:41.7897178 -0300,2021-06-12 18:20:47.8350487 -0300,,FALSE,,1.900,6.600,0.30,1.500,0.000,6.10,4.90,11.00,12.200,4,
138,29dcd5f6-efe0-4433-49bd-5169373911ff,Campeonato Panamericano de Adultos de Gimnasia Rítmica 2021,,,,GROUP,All-Around,1,1,TRUE,4,,,12.200,0,0,0.000,99,IND,3,,0,MORALES,Karen Alejandra,ARG,01/10/2001,,Clubs,2,PUBLISHED,,2021-06-11 18:35:32.6515534 -0300,2021-06-11 18:37:53.595084 -0300,,FALSE,,0.000,0.000,0.00,0.000,0.000,0.00,0.00,0.00,0.000,4,
139,29dcd5f6-efe0-4433-49bd-5169373911ff,Campeonato Panamericano de Adultos de Gimnasia Rítmica 2021,,,,GROUP,All-Around,1,1,TRUE,4,,,12.200,0,0,0.000,99,IND,4,,0,CASINI RABASA,Giuliana,ARG,17/01/2002,,Hoop,1,PUBLISHED,,2021-06-12 18:17:41.7897178 -0300,2021-06-12 18:20:47.8350487 -0300,,FALSE,,1.900,6.600,0.30,1.500,0.000,6.10,4.90,11.00,12.200,4,
140,29dcd5f6-efe0-4433-49bd-5169373911ff,Campeonato Panamericano de Adultos de Gimnasia Rítmica 2021,,,,GROUP,All-Around,1,1,TRUE,4,,,12.200,0,0,0.000,99,IND,4,,0,CASINI RABASA,Giuliana,ARG,17/01/2002,,Clubs,2,PUBLISHED,,2021-06-11 18:35:32.6515534 -0300,2021-06-11 18:37:53.595084 -0300,,FALSE,,0.000,0.000,0.00,0.000,0.000,0.00,0.00,0.00,0.000,4,
141,29dcd5f6-efe0-4433-49bd-5169373911ff,Campeonato Panamericano de Adultos de Gimnasia Rítmica 2021,,,,GROUP,All-Around,1,1,TRUE,4,,,12.200,0,0,0.000,99,IND,5,,0,REYNA,Maria Eugenia,ARG,11/01/2002,,Hoop,1,PUBLISHED,,2021-06-12 18:17:41.7897178 -0300,2021-06-12 18:20:47.8350487 -0300,,FALSE,,1.900,6.600,0.30,1.500,0.000,6.10,4.90,11.00,12.200,4,
142,29dcd5f6-efe0-4433-49bd-5169373911ff,Campeonato Panamericano de Adultos de Gimnasia Rítmica 2021,,,,GROUP,All-Around,1,1,TRUE,4,,,12.200,0,0,0.000,99,IND,5,,0,REYNA,Maria Eugenia,ARG,11/01/2002,,Clubs,2,PUBLISHED,,2021-06-11 18:35:32.6515534 -0300,2021-06-11 18:37:53.595084 -0300,,FALSE,,0.000,0.000,0.00,0.000,0.000,0.00,0.00,0.00,0.000,4,
143,29dcd5f6-efe0-4433-49bd-5169373911ff,Campeonato Panamericano de Adultos de Gimnasia Rítmica 2021,,,,GROUP,All-Around,1,1,TRUE,4,,,12.200,0,0,0.000,99,IND,6,,0,,,,01/01/0001,,Hoop,1,PUBLISHED,,2021-06-12 18:17:41.7897178 -0300,2021-06-12 18:20:47.8350487 -0300,,FALSE,,1.900,6.600,0.30,1.500,0.000,6.10,4.90,11.00,12.200,4,
144,29dcd5f6-efe0-4433-49bd-5169373911ff,Campeonato Panamericano de Adultos de Gimnasia Rítmica 2021,,,,GROUP,All-Around,1,1,TRUE,4,,,12.200,0,0,0.000,99,IND,6,,0,,,,01/01/0001,,Clubs,2,PUBLISHED,,2021-06-11 18:35:32.6515534 -0300,2021-06-11 18:37:53.595084 -0300,,FALSE,,0.000,0.000,0.00,0.000,0.000,0.00,0.00,0.00,0.000,4,
145,29dcd5f6-efe0-4433-49bd-5169373911ff,Campeonato Panamericano de Adultos de Gimnasia Rítmica 2021,,,,GROUP,All-Around,1,2,TRUE,1,,,35.950,0,0,0.000,99,IND,1,,0,MEDRADO BARBOSA,Déborah,BRA,13/07/2002,,Hoop,1,PUBLISHED,,2021-06-12 18:46:58.3292057 -0300,2021-06-12 18:50:07.7136505 -0300,,FALSE,,0.900,1.450,0.00,7.650,0.000,22.30,6.00,28.30,35.950,1,
146,29dcd5f6-efe0-4433-49bd-5169373911ff,Campeonato Panamericano de Adultos de Gimnasia Rítmica 2021,,,,GROUP,All-Around,1,2,TRUE,1,,,35.950,0,0,0.000,99,IND,1,,0,MEDRADO BARBOSA,Déborah,BRA,13/07/2002,,Clubs,2,PUBLISHED,,2021-06-11 18:40:52.5928163 -0300,2021-06-11 18:44:03.8516729 -0300,,FALSE,,0.000,0.000,0.00,0.000,0.000,0.00,0.00,0.00,0.000,1,
147,29dcd5f6-efe0-4433-49bd-5169373911ff,Campeonato Panamericano de Adultos de Gimnasia Rítmica 2021,,,,GROUP,All-Around,1,2,TRUE,1,,,35.950,0,0,0.000,99,IND,2,,0,LINHARES SILVA,Beatriz,BRA,04/02/2003,,Hoop,1,PUBLISHED,,2021-06-12 18:46:58.3292057 -0300,2021-06-12 18:50:07.7136505 -0300,,FALSE,,0.900,1.450,0.00,7.650,0.000,22.30,6.00,28.30,35.950,1,
148,29dcd5f6-efe0-4433-49bd-5169373911ff,Campeonato Panamericano de Adultos de Gimnasia Rítmica 2021,,,,GROUP,All-Around,1,2,TRUE,1,,,35.950,0,0,0.000,99,IND,2,,0,LINHARES SILVA,Beatriz,BRA,04/02/2003,,Clubs,2,PUBLISHED,,2021-06-11 18:40:52.5928163 -0300,2021-06-11 18:44:03.8516729 -0300,,FALSE,,0.000,0.000,0.00,0.000,0.000,0.00,0.00,0.00,0.000,1,
149,29dcd5f6-efe0-4433-49bd-5169373911ff,Campeonato Panamericano de Adultos de Gimnasia Rítmica 2021,,,,GROUP,All-Around,1,2,TRUE,1,,,35.950,0,0,0.000,99,IND,3,,0,SANTOS DA SILVA,Geovanna,BRA,15/02/2002,,Hoop,1,PUBLISHED,,2021-06-12 18:46:58.3292057 -0300,2021-06-12 18:50:07.7136505 -0300,,FALSE,,0.900,1.450,0.00,7.650,0.000,22.30,6.00,28.30,35.950,1,
150,29dcd5f6-efe0-4433-49bd-5169373911ff,Campeonato Panamericano de Adultos de Gimnasia Rítmica 2021,,,,GROUP,All-Around,1,2,TRUE,1,,,35.950,0,0,0.000,99,IND,3,,0,SANTOS DA SILVA,Geovanna,BRA,15/02/2002,,Clubs,2,PUBLISHED,,2021-06-11 18:40:52.5928163 -0300,2021-06-11 18:44:03.8516729 -0300,,FALSE,,0.000,0.000,0.00,0.000,0.000,0.00,0.00,0.00,0.000,1,
151,29dcd5f6-efe0-4433-49bd-5169373911ff,Campeonato Panamericano de Adultos de Gimnasia Rítmica 2021,,,,GROUP,All-Around,1,2,TRUE,1,,,35.950,0,0,0.000,99,IND,4,,0,URQUIZA GALVÃO,Bárbara Vitória,BRA,24/01/2003,,Hoop,1,PUBLISHED,,2021-06-12 18:46:58.3292057 -0300,2021-06-12 18:50:07.7136505 -0300,,FALSE,,0.900,1.450,0.00,7.650,0.000,22.30,6.00,28.30,35.950,1,
152,29dcd5f6-efe0-4433-49bd-5169373911ff,Campeonato Panamericano de Adultos de Gimnasia Rítmica 2021,,,,GROUP,All-Around,1,2,TRUE,1,,,35.950,0,0,0.000,99,IND,4,,0,URQUIZA GALVÃO,Bárbara Vitória,BRA,24/01/2003,,Clubs,2,PUBLISHED,,2021-06-11 18:40:52.5928163 -0300,2021-06-11 18:44:03.8516729 -0300,,FALSE,,0.000,0.000,0.00,0.000,0.000,0.00,0.00,0.00,0.000,1,
153,29dcd5f6-efe0-4433-49bd-5169373911ff,Campeonato Panamericano de Adultos de Gimnasia Rítmica 2021,,,,GROUP,All-Around,1,2,TRUE,1,,,35.950,0,0,0.000,99,IND,5,,0,MORAES DA SILVA,Gabrielle,BRA,04/03/1997,,Hoop,1,PUBLISHED,,2021-06-12 18:46:58.3292057 -0300,2021-06-12 18:50:07.7136505 -0300,,FALSE,,0.900,1.450,0.00,7.650,0.000,22.30,6.00,28.30,35.950,1,
154,29dcd5f6-efe0-4433-49bd-5169373911ff,Campeonato Panamericano de Adultos de Gimnasia Rítmica 2021,,,,GROUP,All-Around,1,2,TRUE,1,,,35.950,0,0,0.000,99,IND,5,,0,MORAES DA SILVA,Gabrielle,BRA,04/03/1997,,Clubs,2,PUBLISHED,,2021-06-11 18:40:52.5928163 -0300,2021-06-11 18:44:03.8516729 -0300,,FALSE,,0.000,0.000,0.00,0.000,0.000,0.00,0.00,0.00,0.000,1,
155,29dcd5f6-efe0-4433-49bd-5169373911ff,Campeonato Panamericano de Adultos de Gimnasia Rítmica 2021,,,,GROUP,All-Around,1,2,TRUE,1,,,35.950,0,0,0.000,99,IND,6,,0,DE ALMEIDA ARAKAKI,Maria Eduarda,BRA,12/08/2003,,Hoop,1,PUBLISHED,,2021-06-12 18:46:58.3292057 -0300,2021-06-12 18:50:07.7136505 -0300,,FALSE,,0.900,1.450,0.00,7.650,0.000,22.30,6.00,28.30,35.950,1,
156,29dcd5f6-efe0-4433-49bd-5169373911ff,Campeonato Panamericano de Adultos de Gimnasia Rítmica 2021,,,,GROUP,All-Around,1,2,TRUE,1,,,35.950,0,0,0.000,99,IND,6,,0,DE ALMEIDA ARAKAKI,Maria Eduarda,BRA,12/08/2003,,Clubs,2,PUBLISHED,,2021-06-11 18:40:52.5928163 -0300,2021-06-11 18:44:03.8516729 -0300,,FALSE,,0.000,0.000,0.00,0.000,0.000,0.00,0.00,0.00,0.000,1,
157,29dcd5f6-efe0-4433-49bd-5169373911ff,Campeonato Panamericano de Adultos de Gimnasia Rítmica 2021,,,,GROUP,All-Around,1,3,TRUE,5,,,7.350,0,0,0.000,99,IND,1,,0,RAMÍREZ DE LEÓN,Mariandreé,GUA,09/01/2004,,Hoop,1,PUBLISHED,,2021-06-12 18:25:41.1945386 -0300,2021-06-12 18:28:03.6533335 -0300,,FALSE,,2.500,7.450,0.30,0.050,0.000,4.70,2.90,7.60,7.350,5,
158,29dcd5f6-efe0-4433-49bd-5169373911ff,Campeonato Panamericano de Adultos de Gimnasia Rítmica 2021,,,,GROUP,All-Around,1,3,TRUE,5,,,7.350,0,0,0.000,99,IND,1,,0,RAMÍREZ DE LEÓN,Mariandreé,GUA,09/01/2004,,Clubs,2,PUBLISHED,,2021-06-11 18:21:54.0303928 -0300,2021-06-11 18:24:58.5746581 -0300,,FALSE,,0.000,0.000,0.00,0.000,0.000,0.00,0.00,0.00,0.000,5,
159,29dcd5f6-efe0-4433-49bd-5169373911ff,Campeonato Panamericano de Adultos de Gimnasia Rítmica 2021,,,,GROUP,All-Around,1,3,TRUE,5,,,7.350,0,0,0.000,99,IND,2,,0,PORRAS OSORIO,Leslie Elizabeth,GUA,23/09/1999,,Hoop,1,PUBLISHED,,2021-06-12 18:25:41.1945386 -0300,2021-06-12 18:28:03.6533335 -0300,,FALSE,,2.500,7.450,0.30,0.050,0.000,4.70,2.90,7.60,7.350,5,
160,29dcd5f6-efe0-4433-49bd-5169373911ff,Campeonato Panamericano de Adultos de Gimnasia Rítmica 2021,,,,GROUP,All-Around,1,3,TRUE,5,,,7.350,0,0,0.000,99,IND,2,,0,PORRAS OSORIO,Leslie Elizabeth,GUA,23/09/1999,,Clubs,2,PUBLISHED,,2021-06-11 18:21:54.0303928 -0300,2021-06-11 18:24:58.5746581 -0300,,FALSE,,0.000,0.000,0.00,0.000,0.000,0.00,0.00,0.00,0.000,5,
161,29dcd5f6-efe0-4433-49bd-5169373911ff,Campeonato Panamericano de Adultos de Gimnasia Rítmica 2021,,,,GROUP,All-Around,1,3,TRUE,5,,,7.350,0,0,0.000,99,IND,3,,0,RAMÍREZ BRAVO,Nora Ariadna,GUA,24/02/2001,,Hoop,1,PUBLISHED,,2021-06-12 18:25:41.1945386 -0300,2021-06-12 18:28:03.6533335 -0300,,FALSE,,2.500,7.450,0.30,0.050,0.000,4.70,2.90,7.60,7.350,5,
162,29dcd5f6-efe0-4433-49bd-5169373911ff,Campeonato Panamericano de Adultos de Gimnasia Rítmica 2021,,,,GROUP,All-Around,1,3,TRUE,5,,,7.350,0,0,0.000,99,IND,3,,0,RAMÍREZ BRAVO,Nora Ariadna,GUA,24/02/2001,,Clubs,2,PUBLISHED,,2021-06-11 18:21:54.0303928 -0300,2021-06-11 18:24:58.5746581 -0300,,FALSE,,0.000,0.000,0.00,0.000,0.000,0.00,0.00,0.00,0.000,5,
163,29dcd5f6-efe0-4433-49bd-5169373911ff,Campeonato Panamericano de Adultos de Gimnasia Rítmica 2021,,,,GROUP,All-Around,1,3,TRUE,5,,,7.350,0,0,0.000,99,IND,4,,0,DIAZ CABALLEROS,Camila,GUA,23/01/2003,,Hoop,1,PUBLISHED,,2021-06-12 18:25:41.1945386 -0300,2021-06-12 18:28:03.6533335 -0300,,FALSE,,2.500,7.450,0.30,0.050,0.000,4.70,2.90,7.60,7.350,5,
164,29dcd5f6-efe0-4433-49bd-5169373911ff,Campeonato Panamericano de Adultos de Gimnasia Rítmica 2021,,,,GROUP,All-Around,1,3,TRUE,5,,,7.350,0,0,0.000,99,IND,4,,0,DIAZ CABALLEROS,Camila,GUA,23/01/2003,,Clubs,2,PUBLISHED,,2021-06-11 18:21:54.0303928 -0300,2021-06-11 18:24:58.5746581 -0300,,FALSE,,0.000,0.000,0.00,0.000,0.000,0.00,0.00,0.00,0.000,5,
165,29dcd5f6-efe0-4433-49bd-5169373911ff,Campeonato Panamericano de Adultos de Gimnasia Rítmica 2021,,,,GROUP,All-Around,1,3,TRUE,5,,,7.350,0,0,0.000,99,IND,5,,0,GONZÁLEZ MALDONADO,Valeria Sofía,GUA,21/11/2003,,Hoop,1,PUBLISHED,,2021-06-12 18:25:41.1945386 -0300,2021-06-12 18:28:03.6533335 -0300,,FALSE,,2.500,7.450,0.30,0.050,0.000,4.70,2.90,7.60,7.350,5,
166,29dcd5f6-efe0-4433-49bd-5169373911ff,Campeonato Panamericano de Adultos de Gimnasia Rítmica 2021,,,,GROUP,All-Around,1,3,TRUE,5,,,7.350,0,0,0.000,99,IND,5,,0,GONZÁLEZ MALDONADO,Valeria Sofía,GUA,21/11/2003,,Clubs,2,PUBLISHED,,2021-06-11 18:21:54.0303928 -0300,2021-06-11 18:24:58.5746581 -0300,,FALSE,,0.000,0.000,0.00,0.000,0.000,0.00,0.00,0.00,0.000,5,
167,29dcd5f6-efe0-4433-49bd-5169373911ff,Campeonato Panamericano de Adultos de Gimnasia Rítmica 2021,,,,GROUP,All-Around,1,3,TRUE,5,,,7.350,0,0,0.000,99,IND,6,,0,MIRANDA ARDIANO,Ashley Samantha,GUA,19/06/2005,,Hoop,1,PUBLISHED,,2021-06-12 18:25:41.1945386 -0300,2021-06-12 18:28:03.6533335 -0300,,FALSE,,2.500,7.450,0.30,0.050,0.000,4.70,2.90,7.60,7.350,5,
168,29dcd5f6-efe0-4433-49bd-5169373911ff,Campeonato Panamericano de Adultos de Gimnasia Rítmica 2021,,,,GROUP,All-Around,1,3,TRUE,5,,,7.350,0,0,0.000,99,IND,6,,0,MIRANDA ARDIANO,Ashley Samantha,GUA,19/06/2005,,Clubs,2,PUBLISHED,,2021-06-11 18:21:54.0303928 -0300,2021-06-11 18:24:58.5746581 -0300,,FALSE,,0.000,0.000,0.00,0.000,0.000,0.00,0.00,0.00,0.000,5,
169,29dcd5f6-efe0-4433-49bd-5169373911ff,Campeonato Panamericano de Adultos de Gimnasia Rítmica 2021,,,,GROUP,All-Around,1,4,TRUE,2,,,35.100,0,0,0.000,99,IND,1,,0,VILLANUEVA VAZQUEZ,Karen,MEX,10/11/1998,,Hoop,1,PUBLISHED,,2021-06-12 18:33:05.3818671 -0300,2021-06-12 18:35:50.4941977 -0300,,FALSE,,1.300,1.750,0.05,6.950,0.000,22.20,6.00,28.20,35.100,2,
170,29dcd5f6-efe0-4433-49bd-5169373911ff,Campeonato Panamericano de Adultos de Gimnasia Rítmica 2021,,,,GROUP,All-Around,1,4,TRUE,2,,,35.100,0,0,0.000,99,IND,1,,0,VILLANUEVA VAZQUEZ,Karen,MEX,10/11/1998,,Clubs,2,PUBLISHED,,2021-06-11 18:49:27.7534089 -0300,2021-06-11 18:52:15.5016948 -0300,,FALSE,,0.000,0.000,0.00,0.000,0.000,0.00,0.00,0.00,0.000,1,
171,29dcd5f6-efe0-4433-49bd-5169373911ff,Campeonato Panamericano de Adultos de Gimnasia Rítmica 2021,,,,GROUP,All-Around,1,4,TRUE,2,,,35.100,0,0,0.000,99,IND,2,,0,GARZA MOCTEZUMA,Andrea Melissa,MEX,02/02/2001,,Hoop,1,PUBLISHED,,2021-06-12 18:33:05.3818671 -0300,2021-06-12 18:35:50.4941977 -0300,,FALSE,,1.300,1.750,0.05,6.950,0.000,22.20,6.00,28.20,35.100,2,
172,29dcd5f6-efe0-4433-49bd-5169373911ff,Campeonato Panamericano de Adultos de Gimnasia Rítmica 2021,,,,GROUP,All-Around,1,4,TRUE,2,,,35.100,0,0,0.000,99,IND,2,,0,GARZA MOCTEZUMA,Andrea Melissa,MEX,02/02/2001,,Clubs,2,PUBLISHED,,2021-06-11 18:49:27.7534089 -0300,2021-06-11 18:52:15.5016948 -0300,,FALSE,,0.000,0.000,0.00,0.000,0.000,0.00,0.00,0.00,0.000,1,
173,29dcd5f6-efe0-4433-49bd-5169373911ff,Campeonato Panamericano de Adultos de Gimnasia Rítmica 2021,,,,GROUP,All-Around,1,4,TRUE,2,,,35.100,0,0,0.000,99,IND,3,,0,RUIZ VELASCO VELASCO,Sara,MEX,17/04/2002,,Hoop,1,PUBLISHED,,2021-06-12 18:33:05.3818671 -0300,2021-06-12 18:35:50.4941977 -0300,,FALSE,,1.300,1.750,0.05,6.950,0.000,22.20,6.00,28.20,35.100,2,
174,29dcd5f6-efe0-4433-49bd-5169373911ff,Campeonato Panamericano de Adultos de Gimnasia Rítmica 2021,,,,GROUP,All-Around,1,4,TRUE,2,,,35.100,0,0,0.000,99,IND,3,,0,RUIZ VELASCO VELASCO,Sara,MEX,17/04/2002,,Clubs,2,PUBLISHED,,2021-06-11 18:49:27.7534089 -0300,2021-06-11 18:52:15.5016948 -0300,,FALSE,,0.000,0.000,0.00,0.000,0.000,0.00,0.00,0.00,0.000,1,
175,29dcd5f6-efe0-4433-49bd-5169373911ff,Campeonato Panamericano de Adultos de Gimnasia Rítmica 2021,,,,GROUP,All-Around,1,4,TRUE,2,,,35.100,0,0,0.000,99,IND,4,,0,TEJEDA AMARO,Adirem,MEX,21/06/2002,,Hoop,1,PUBLISHED,,2021-06-12 18:33:05.3818671 -0300,2021-06-12 18:35:50.4941977 -0300,,FALSE,,1.300,1.750,0.05,6.950,0.000,22.20,6.00,28.20,35.100,2,
176,29dcd5f6-efe0-4433-49bd-5169373911ff,Campeonato Panamericano de Adultos de Gimnasia Rítmica 2021,,,,GROUP,All-Around,1,4,TRUE,2,,,35.100,0,0,0.000,99,IND,4,,0,TEJEDA AMARO,Adirem,MEX,21/06/2002,,Clubs,2,PUBLISHED,,2021-06-11 18:49:27.7534089 -0300,2021-06-11 18:52:15.5016948 -0300,,FALSE,,0.000,0.000,0.00,0.000,0.000,0.00,0.00,0.00,0.000,1,
177,29dcd5f6-efe0-4433-49bd-5169373911ff,Campeonato Panamericano de Adultos de Gimnasia Rítmica 2021,,,,GROUP,All-Around,1,4,TRUE,2,,,35.100,0,0,0.000,99,IND,5,,0,HERNANDEZ SALAZAR CALLES,Adriana Haydee,MEX,16/01/2003,,Hoop,1,PUBLISHED,,2021-06-12 18:33:05.3818671 -0300,2021-06-12 18:35:50.4941977 -0300,,FALSE,,1.300,1.750,0.05,6.950,0.000,22.20,6.00,28.20,35.100,2,
178,29dcd5f6-efe0-4433-49bd-5169373911ff,Campeonato Panamericano de Adultos de Gimnasia Rítmica 2021,,,,GROUP,All-Around,1,4,TRUE,2,,,35.100,0,0,0.000,99,IND,5,,0,HERNANDEZ SALAZAR CALLES,Adriana Haydee,MEX,16/01/2003,,Clubs,2,PUBLISHED,,2021-06-11 18:49:27.7534089 -0300,2021-06-11 18:52:15.5016948 -0300,,FALSE,,0.000,0.000,0.00,0.000,0.000,0.00,0.00,0.00,0.000,1,
179,29dcd5f6-efe0-4433-49bd-5169373911ff,Campeonato Panamericano de Adultos de Gimnasia Rítmica 2021,,,,GROUP,All-Around,1,4,TRUE,2,,,35.100,0,0,0.000,99,IND,6,,0,VILLANUEVA VAZQUEZ,Karen,MEX,10/11/1998,,Hoop,1,PUBLISHED,,2021-06-12 18:33:05.3818671 -0300,2021-06-12 18:35:50.4941977 -0300,,FALSE,,1.300,1.750,0.05,6.950,0.000,22.20,6.00,28.20,35.100,2,
180,29dcd5f6-efe0-4433-49bd-5169373911ff,Campeonato Panamericano de Adultos de Gimnasia Rítmica 2021,,,,GROUP,All-Around,1,4,TRUE,2,,,35.100,0,0,0.000,99,IND,6,,0,VILLANUEVA VAZQUEZ,Karen,MEX,10/11/1998,,Clubs,2,PUBLISHED,,2021-06-11 18:49:27.7534089 -0300,2021-06-11 18:52:15.5016948 -0300,,FALSE,,0.000,0.000,0.00,0.000,0.000,0.00,0.00,0.00,0.000,1,
181,29dcd5f6-efe0-4433-49bd-5169373911ff,Campeonato Panamericano de Adultos de Gimnasia Rítmica 2021,,,,GROUP,All-Around,1,5,TRUE,3,,,33.650,0,0,0.000,99,IND,1,,0,MIZUNO,Lili,USA,04/02/2001,,Hoop,1,PUBLISHED,,2021-06-12 19:02:16.9914377 -0300,2021-06-12 19:06:16.432379 -0300,,FALSE,,1.300,2.350,0.00,6.350,0.000,21.70,5.60,27.30,33.650,3,
182,29dcd5f6-efe0-4433-49bd-5169373911ff,Campeonato Panamericano de Adultos de Gimnasia Rítmica 2021,,,,GROUP,All-Around,1,5,TRUE,3,,,33.650,0,0,0.000,99,IND,1,,0,MIZUNO,Lili,USA,04/02/2001,,Clubs,2,PUBLISHED,,2021-06-11 18:28:44.0671375 -0300,2021-06-11 18:31:12.1556995 -0300,,FALSE,,0.000,0.000,0.00,0.000,0.000,0.00,0.00,0.00,0.000,3,
183,29dcd5f6-efe0-4433-49bd-5169373911ff,Campeonato Panamericano de Adultos de Gimnasia Rítmica 2021,,,,GROUP,All-Around,1,5,TRUE,3,,,33.650,0,0,0.000,99,IND,2,,0,CONNOR,Isabelle Anne,USA,22/07/2000,,Hoop,1,PUBLISHED,,2021-06-12 19:02:16.9914377 -0300,2021-06-12 19:06:16.432379 -0300,,FALSE,,1.300,2.350,0.00,6.350,0.000,21.70,5.60,27.30,33.650,3,
184,29dcd5f6-efe0-4433-49bd-5169373911ff,Campeonato Panamericano de Adultos de Gimnasia Rítmica 2021,,,,GROUP,All-Around,1,5,TRUE,3,,,33.650,0,0,0.000,99,IND,2,,0,CONNOR,Isabelle Anne,USA,22/07/2000,,Clubs,2,PUBLISHED,,2021-06-11 18:28:44.0671375 -0300,2021-06-11 18:31:12.1556995 -0300,,FALSE,,0.000,0.000,0.00,0.000,0.000,0.00,0.00,0.00,0.000,3,
185,29dcd5f6-efe0-4433-49bd-5169373911ff,Campeonato Panamericano de Adultos de Gimnasia Rítmica 2021,,,,GROUP,All-Around,1,5,TRUE,3,,,33.650,0,0,0.000,99,IND,3,,0,PLETNEVA,Elizaveta,USA,21/01/2002,,Hoop,1,PUBLISHED,,2021-06-12 19:02:16.9914377 -0300,2021-06-12 19:06:16.432379 -0300,,FALSE,,1.300,2.350,0.00,6.350,0.000,21.70,5.60,27.30,33.650,3,
186,29dcd5f6-efe0-4433-49bd-5169373911ff,Campeonato Panamericano de Adultos de Gimnasia Rítmica 2021,,,,GROUP,All-Around,1,5,TRUE,3,,,33.650,0,0,0.000,99,IND,3,,0,PLETNEVA,Elizaveta,USA,21/01/2002,,Clubs,2,PUBLISHED,,2021-06-11 18:28:44.0671375 -0300,2021-06-11 18:31:12.1556995 -0300,,FALSE,,0.000,0.000,0.00,0.000,0.000,0.00,0.00,0.00,0.000,3,
187,29dcd5f6-efe0-4433-49bd-5169373911ff,Campeonato Panamericano de Adultos de Gimnasia Rítmica 2021,,,,GROUP,All-Around,1,5,TRUE,3,,,33.650,0,0,0.000,99,IND,4,,0,MERENZON,Yelyzaveta Oleksandrivna,USA,12/08/1999,,Hoop,1,PUBLISHED,,2021-06-12 19:02:16.9914377 -0300,2021-06-12 19:06:16.432379 -0300,,FALSE,,1.300,2.350,0.00,6.350,0.000,21.70,5.60,27.30,33.650,3,
188,29dcd5f6-efe0-4433-49bd-5169373911ff,Campeonato Panamericano de Adultos de Gimnasia Rítmica 2021,,,,GROUP,All-Around,1,5,TRUE,3,,,33.650,0,0,0.000,99,IND,4,,0,MERENZON,Yelyzaveta Oleksandrivna,USA,12/08/1999,,Clubs,2,PUBLISHED,,2021-06-11 18:28:44.0671375 -0300,2021-06-11 18:31:12.1556995 -0300,,FALSE,,0.000,0.000,0.00,0.000,0.000,0.00,0.00,0.00,0.000,3,
189,29dcd5f6-efe0-4433-49bd-5169373911ff,Campeonato Panamericano de Adultos de Gimnasia Rítmica 2021,,,,GROUP,All-Around,1,5,TRUE,3,,,33.650,0,0,0.000,99,IND,5,,0,FEELEY,Camilla McAllister,USA,14/11/1999,,Hoop,1,PUBLISHED,,2021-06-12 19:02:16.9914377 -0300,2021-06-12 19:06:16.432379 -0300,,FALSE,,1.300,2.350,0.00,6.350,0.000,21.70,5.60,27.30,33.650,3,
190,29dcd5f6-efe0-4433-49bd-5169373911ff,Campeonato Panamericano de Adultos de Gimnasia Rítmica 2021,,,,GROUP,All-Around,1,5,TRUE,3,,,33.650,0,0,0.000,99,IND,5,,0,FEELEY,Camilla McAllister,USA,14/11/1999,,Clubs,2,PUBLISHED,,2021-06-11 18:28:44.0671375 -0300,2021-06-11 18:31:12.1556995 -0300,,FALSE,,0.000,0.000,0.00,0.000,0.000,0.00,0.00,0.00,0.000,3,
191,29dcd5f6-efe0-4433-49bd-5169373911ff,Campeonato Panamericano de Adultos de Gimnasia Rítmica 2021,,,,GROUP,All-Around,1,5,TRUE,3,,,33.650,0,0,0.000,99,IND,6,,0,Camilla McAllister,Nicole Angela,USA,02/11/1999,,Hoop,1,PUBLISHED,,2021-06-12 19:02:16.9914377 -0300,2021-06-12 19:06:16.432379 -0300,,FALSE,,1.300,2.350,0.00,6.350,0.000,21.70,5.60,27.30,33.650,3,
192,29dcd5f6-efe0-4433-49bd-5169373911ff,Campeonato Panamericano de Adultos de Gimnasia Rítmica 2021,,,,GROUP,All-Around,1,5,TRUE,3,,,33.650,0,0,0.000,99,IND,6,,0,Camilla McAllister,Nicole Angela,USA,02/11/1999,,Clubs,2,PUBLISHED,,2021-06-11 18:28:44.0671375 -0300,2021-06-11 18:31:12.1556995 -0300,,FALSE,,0.000,0.000,0.00,0.000,0.000,0.00,0.00,0.00,0.000,3,
193,29dcd5f6-efe0-4433-49bd-5169373911ff,Campeonato Panamericano de Adultos de Gimnasia Rítmica 2021,,,,GROUP,Apparatus Final,1,1,TRUE,3,,,36.100,0,0,0.000,99,IND,1,,0,MIZUNO,Lili,USA,04/02/2001,,Ball,1,PUBLISHED,,2021-06-13 15:56:29.5705051 -0300,2021-06-13 15:58:45.2148607 -0300,,FALSE,,1.200,2.300,0.00,6.500,0.000,24.00,5.60,29.60,36.100,3,
194,29dcd5f6-efe0-4433-49bd-5169373911ff,Campeonato Panamericano de Adultos de Gimnasia Rítmica 2021,,,,GROUP,Apparatus Final,1,1,TRUE,3,,,36.100,0,0,0.000,99,IND,2,,0,CONNOR,Isabelle Anne,USA,22/07/2000,,Ball,1,PUBLISHED,,2021-06-13 15:56:29.5705051 -0300,2021-06-13 15:58:45.2148607 -0300,,FALSE,,1.200,2.300,0.00,6.500,0.000,24.00,5.60,29.60,36.100,3,
195,29dcd5f6-efe0-4433-49bd-5169373911ff,Campeonato Panamericano de Adultos de Gimnasia Rítmica 2021,,,,GROUP,Apparatus Final,1,1,TRUE,3,,,36.100,0,0,0.000,99,IND,3,,0,PLETNEVA,Elizaveta,USA,21/01/2002,,Ball,1,PUBLISHED,,2021-06-13 15:56:29.5705051 -0300,2021-06-13 15:58:45.2148607 -0300,,FALSE,,1.200,2.300,0.00,6.500,0.000,24.00,5.60,29.60,36.100,3,
196,29dcd5f6-efe0-4433-49bd-5169373911ff,Campeonato Panamericano de Adultos de Gimnasia Rítmica 2021,,,,GROUP,Apparatus Final,1,1,TRUE,3,,,36.100,0,0,0.000,99,IND,4,,0,MERENZON,Yelyzaveta Oleksandrivna,USA,12/08/1999,,Ball,1,PUBLISHED,,2021-06-13 15:56:29.5705051 -0300,2021-06-13 15:58:45.2148607 -0300,,FALSE,,1.200,2.300,0.00,6.500,0.000,24.00,5.60,29.60,36.100,3,
197,29dcd5f6-efe0-4433-49bd-5169373911ff,Campeonato Panamericano de Adultos de Gimnasia Rítmica 2021,,,,GROUP,Apparatus Final,1,1,TRUE,3,,,36.100,0,0,0.000,99,IND,5,,0,FEELEY,Camilla McAllister,USA,14/11/1999,,Ball,1,PUBLISHED,,2021-06-13 15:56:29.5705051 -0300,2021-06-13 15:58:45.2148607 -0300,,FALSE,,1.200,2.300,0.00,6.500,0.000,24.00,5.60,29.60,36.100,3,
198,29dcd5f6-efe0-4433-49bd-5169373911ff,Campeonato Panamericano de Adultos de Gimnasia Rítmica 2021,,,,GROUP,Apparatus Final,1,1,TRUE,3,,,36.100,0,0,0.000,99,IND,6,,0,Camilla McAllister,Nicole Angela,USA,02/11/1999,,Ball,1,PUBLISHED,,2021-06-13 15:56:29.5705051 -0300,2021-06-13 15:58:45.2148607 -0300,,FALSE,,1.200,2.300,0.00,6.500,0.000,24.00,5.60,29.60,36.100,3,
199,29dcd5f6-efe0-4433-49bd-5169373911ff,Campeonato Panamericano de Adultos de Gimnasia Rítmica 2021,,,,GROUP,Apparatus Final,1,2,TRUE,5,,,11.300,0,0,0.000,99,IND,1,,0,RAMÍREZ DE LEÓN,Mariandreé,GUA,09/01/2004,,Ball,1,PUBLISHED,,2021-06-13 16:02:18.9517009 -0300,2021-06-13 16:04:49.8347712 -0300,,FALSE,,2.500,7.300,0.30,0.200,0.000,7.90,3.50,11.40,11.300,5,
200,29dcd5f6-efe0-4433-49bd-5169373911ff,Campeonato Panamericano de Adultos de Gimnasia Rítmica 2021,,,,GROUP,Apparatus Final,1,2,TRUE,5,,,11.300,0,0,0.000,99,IND,2,,0,PORRAS OSORIO,Leslie Elizabeth,GUA,23/09/1999,,Ball,1,PUBLISHED,,2021-06-13 16:02:18.9517009 -0300,2021-06-13 16:04:49.8347712 -0300,,FALSE,,2.500,7.300,0.30,0.200,0.000,7.90,3.50,11.40,11.300,5,
201,29dcd5f6-efe0-4433-49bd-5169373911ff,Campeonato Panamericano de Adultos de Gimnasia Rítmica 2021,,,,GROUP,Apparatus Final,1,2,TRUE,5,,,11.300,0,0,0.000,99,IND,3,,0,RAMÍREZ BRAVO,Nora Ariadna,GUA,24/02/2001,,Ball,1,PUBLISHED,,2021-06-13 16:02:18.9517009 -0300,2021-06-13 16:04:49.8347712 -0300,,FALSE,,2.500,7.300,0.30,0.200,0.000,7.90,3.50,11.40,11.300,5,
202,29dcd5f6-efe0-4433-49bd-5169373911ff,Campeonato Panamericano de Adultos de Gimnasia Rítmica 2021,,,,GROUP,Apparatus Final,1,2,TRUE,5,,,11.300,0,0,0.000,99,IND,4,,0,DIAZ CABALLEROS,Camila,GUA,23/01/2003,,Ball,1,PUBLISHED,,2021-06-13 16:02:18.9517009 -0300,2021-06-13 16:04:49.8347712 -0300,,FALSE,,2.500,7.300,0.30,0.200,0.000,7.90,3.50,11.40,11.300,5,
203,29dcd5f6-efe0-4433-49bd-5169373911ff,Campeonato Panamericano de Adultos de Gimnasia Rítmica 2021,,,,GROUP,Apparatus Final,1,2,TRUE,5,,,11.300,0,0,0.000,99,IND,5,,0,GONZÁLEZ MALDONADO,Valeria Sofía,GUA,21/11/2003,,Ball,1,PUBLISHED,,2021-06-13 16:02:18.9517009 -0300,2021-06-13 16:04:49.8347712 -0300,,FALSE,,2.500,7.300,0.30,0.200,0.000,7.90,3.50,11.40,11.300,5,
204,29dcd5f6-efe0-4433-49bd-5169373911ff,Campeonato Panamericano de Adultos de Gimnasia Rítmica 2021,,,,GROUP,Apparatus Final,1,2,TRUE,5,,,11.300,0,0,0.000,99,IND,6,,0,MIRANDA ARDIANO,Ashley Samantha,GUA,19/06/2005,,Ball,1,PUBLISHED,,2021-06-13 16:02:18.9517009 -0300,2021-06-13 16:04:49.8347712 -0300,,FALSE,,2.500,7.300,0.30,0.200,0.000,7.90,3.50,11.40,11.300,5,
205,29dcd5f6-efe0-4433-49bd-5169373911ff,Campeonato Panamericano de Adultos de Gimnasia Rítmica 2021,,,,GROUP,Apparatus Final,1,3,TRUE,1,,,40.250,0,0,0.000,99,IND,1,,0,MEDRADO BARBOSA,Déborah,BRA,13/07/2002,,Ball,1,PUBLISHED,,2021-06-13 16:08:30.1720801 -0300,2021-06-13 16:11:04.5737648 -0300,,FALSE,,0.600,1.550,0.00,7.850,0.000,26.00,6.40,32.40,40.250,1,
206,29dcd5f6-efe0-4433-49bd-5169373911ff,Campeonato Panamericano de Adultos de Gimnasia Rítmica 2021,,,,GROUP,Apparatus Final,1,3,TRUE,1,,,40.250,0,0,0.000,99,IND,2,,0,LINHARES SILVA,Beatriz,BRA,04/02/2003,,Ball,1,PUBLISHED,,2021-06-13 16:08:30.1720801 -0300,2021-06-13 16:11:04.5737648 -0300,,FALSE,,0.600,1.550,0.00,7.850,0.000,26.00,6.40,32.40,40.250,1,
207,29dcd5f6-efe0-4433-49bd-5169373911ff,Campeonato Panamericano de Adultos de Gimnasia Rítmica 2021,,,,GROUP,Apparatus Final,1,3,TRUE,1,,,40.250,0,0,0.000,99,IND,3,,0,SANTOS DA SILVA,Geovanna,BRA,15/02/2002,,Ball,1,PUBLISHED,,2021-06-13 16:08:30.1720801 -0300,2021-06-13 16:11:04.5737648 -0300,,FALSE,,0.600,1.550,0.00,7.850,0.000,26.00,6.40,32.40,40.250,1,
208,29dcd5f6-efe0-4433-49bd-5169373911ff,Campeonato Panamericano de Adultos de Gimnasia Rítmica 2021,,,,GROUP,Apparatus Final,1,3,TRUE,1,,,40.250,0,0,0.000,99,IND,4,,0,URQUIZA GALVÃO,Bárbara Vitória,BRA,24/01/2003,,Ball,1,PUBLISHED,,2021-06-13 16:08:30.1720801 -0300,2021-06-13 16:11:04.5737648 -0300,,FALSE,,0.600,1.550,0.00,7.850,0.000,26.00,6.40,32.40,40.250,1,
209,29dcd5f6-efe0-4433-49bd-5169373911ff,Campeonato Panamericano de Adultos de Gimnasia Rítmica 2021,,,,GROUP,Apparatus Final,1,3,TRUE,1,,,40.250,0,0,0.000,99,IND,5,,0,MORAES DA SILVA,Gabrielle,BRA,04/03/1997,,Ball,1,PUBLISHED,,2021-06-13 16:08:30.1720801 -0300,2021-06-13 16:11:04.5737648 -0300,,FALSE,,0.600,1.550,0.00,7.850,0.000,26.00,6.40,32.40,40.250,1,
210,29dcd5f6-efe0-4433-49bd-5169373911ff,Campeonato Panamericano de Adultos de Gimnasia Rítmica 2021,,,,GROUP,Apparatus Final,1,3,TRUE,1,,,40.250,0,0,0.000,99,IND,6,,0,DE ALMEIDA ARAKAKI,Maria Eduarda,BRA,12/08/2003,,Ball,1,PUBLISHED,,2021-06-13 16:08:30.1720801 -0300,2021-06-13 16:11:04.5737648 -0300,,FALSE,,0.600,1.550,0.00,7.850,0.000,26.00,6.40,32.40,40.250,1,
211,29dcd5f6-efe0-4433-49bd-5169373911ff,Campeonato Panamericano de Adultos de Gimnasia Rítmica 2021,,,,GROUP,Apparatus Final,1,4,TRUE,2,,,39.300,0,0,0.000,99,IND,1,,0,HERNANDEZ SALAZAR CALLES,Adriana Haydee,MEX,16/01/2003,,Ball,1,PUBLISHED,,2021-06-13 16:36:08.8363395 -0300,2021-06-13 16:36:10.9273472 -0300,,FALSE,,0.900,1.300,0.00,7.800,0.000,25.30,6.20,31.50,39.300,2,
212,29dcd5f6-efe0-4433-49bd-5169373911ff,Campeonato Panamericano de Adultos de Gimnasia Rítmica 2021,,,,GROUP,Apparatus Final,1,4,TRUE,2,,,39.300,0,0,0.000,99,IND,2,,0,GARZA MOCTEZUMA,Andrea Melissa,MEX,02/02/2001,,Ball,1,PUBLISHED,,2021-06-13 16:36:08.8363395 -0300,2021-06-13 16:36:10.9273472 -0300,,FALSE,,0.900,1.300,0.00,7.800,0.000,25.30,6.20,31.50,39.300,2,
213,29dcd5f6-efe0-4433-49bd-5169373911ff,Campeonato Panamericano de Adultos de Gimnasia Rítmica 2021,,,,GROUP,Apparatus Final,1,4,TRUE,2,,,39.300,0,0,0.000,99,IND,3,,0,RUIZ VELASCO VELASCO,Sara,MEX,17/04/2002,,Ball,1,PUBLISHED,,2021-06-13 16:36:08.8363395 -0300,2021-06-13 16:36:10.9273472 -0300,,FALSE,,0.900,1.300,0.00,7.800,0.000,25.30,6.20,31.50,39.300,2,
214,29dcd5f6-efe0-4433-49bd-5169373911ff,Campeonato Panamericano de Adultos de Gimnasia Rítmica 2021,,,,GROUP,Apparatus Final,1,4,TRUE,2,,,39.300,0,0,0.000,99,IND,4,,0,TEJEDA AMARO,Adirem,MEX,21/06/2002,,Ball,1,PUBLISHED,,2021-06-13 16:36:08.8363395 -0300,2021-06-13 16:36:10.9273472 -0300,,FALSE,,0.900,1.300,0.00,7.800,0.000,25.30,6.20,31.50,39.300,2,
215,29dcd5f6-efe0-4433-49bd-5169373911ff,Campeonato Panamericano de Adultos de Gimnasia Rítmica 2021,,,,GROUP,Apparatus Final,1,4,TRUE,2,,,39.300,0,0,0.000,99,IND,5,,0,VILLANUEVA VAZQUEZ,Karen,MEX,10/11/1998,,Ball,1,PUBLISHED,,2021-06-13 16:36:08.8363395 -0300,2021-06-13 16:36:10.9273472 -0300,,FALSE,,0.900,1.300,0.00,7.800,0.000,25.30,6.20,31.50,39.300,2,
216,29dcd5f6-efe0-4433-49bd-5169373911ff,Campeonato Panamericano de Adultos de Gimnasia Rítmica 2021,,,,GROUP,Apparatus Final,1,4,TRUE,2,,,39.300,0,0,0.000,99,IND,6,,0,,,,01/01/0001,,Ball,1,PUBLISHED,,2021-06-13 16:36:08.8363395 -0300,2021-06-13 16:36:10.9273472 -0300,,FALSE,,0.900,1.300,0.00,7.800,0.000,25.30,6.20,31.50,39.300,2,
217,29dcd5f6-efe0-4433-49bd-5169373911ff,Campeonato Panamericano de Adultos de Gimnasia Rítmica 2021,,,,GROUP,Apparatus Final,1,5,TRUE,4,,,12.150,0,0,0.000,99,IND,1,,0,LOPEZ,Virginia,ARG,20/08/2002,,Ball,1,PUBLISHED,,2021-06-13 16:22:43.7904188 -0300,2021-06-13 16:25:16.9649586 -0300,,FALSE,,2.000,6.650,0.30,1.350,0.000,7.60,3.50,11.10,12.150,4,
218,29dcd5f6-efe0-4433-49bd-5169373911ff,Campeonato Panamericano de Adultos de Gimnasia Rítmica 2021,,,,GROUP,Apparatus Final,1,5,TRUE,4,,,12.150,0,0,0.000,99,IND,2,,0,LONDERO,Paula Valentina,ARG,18/01/2001,,Ball,1,PUBLISHED,,2021-06-13 16:22:43.7904188 -0300,2021-06-13 16:25:16.9649586 -0300,,FALSE,,2.000,6.650,0.30,1.350,0.000,7.60,3.50,11.10,12.150,4,
219,29dcd5f6-efe0-4433-49bd-5169373911ff,Campeonato Panamericano de Adultos de Gimnasia Rítmica 2021,,,,GROUP,Apparatus Final,1,5,TRUE,4,,,12.150,0,0,0.000,99,IND,3,,0,MORALES,Karen Alejandra,ARG,01/10/2001,,Ball,1,PUBLISHED,,2021-06-13 16:22:43.7904188 -0300,2021-06-13 16:25:16.9649586 -0300,,FALSE,,2.000,6.650,0.30,1.350,0.000,7.60,3.50,11.10,12.150,4,
220,29dcd5f6-efe0-4433-49bd-5169373911ff,Campeonato Panamericano de Adultos de Gimnasia Rítmica 2021,,,,GROUP,Apparatus Final,1,5,TRUE,4,,,12.150,0,0,0.000,99,IND,4,,0,CASINI RABASA,Giuliana,ARG,17/01/2002,,Ball,1,PUBLISHED,,2021-06-13 16:22:43.7904188 -0300,2021-06-13 16:25:16.9649586 -0300,,FALSE,,2.000,6.650,0.30,1.350,0.000,7.60,3.50,11.10,12.150,4,
221,29dcd5f6-efe0-4433-49bd-5169373911ff,Campeonato Panamericano de Adultos de Gimnasia Rítmica 2021,,,,GROUP,Apparatus Final,1,5,TRUE,4,,,12.150,0,0,0.000,99,IND,5,,0,REYNA,Maria Eugenia,ARG,11/01/2002,,Ball,1,PUBLISHED,,2021-06-13 16:22:43.7904188 -0300,2021-06-13 16:25:16.9649586 -0300,,FALSE,,2.000,6.650,0.30,1.350,0.000,7.60,3.50,11.10,12.150,4,
222,29dcd5f6-efe0-4433-49bd-5169373911ff,Campeonato Panamericano de Adultos de Gimnasia Rítmica 2021,,,,GROUP,Apparatus Final,1,5,TRUE,4,,,12.150,0,0,0.000,99,IND,6,,0,,,,01/01/0001,,Ball,1,PUBLISHED,,2021-06-13 16:22:43.7904188 -0300,2021-06-13 16:25:16.9649586 -0300,,FALSE,,2.000,6.650,0.30,1.350,0.000,7.60,3.50,11.10,12.150,4,
223,29dcd5f6-efe0-4433-49bd-5169373911ff,Campeonato Panamericano de Adultos de Gimnasia Rítmica 2021,,,,GROUP,Apparatus Final,1,1,TRUE,5,,,8.550,0,0,0.000,99,IND,1,,0,RAMÍREZ DE LEÓN,Mariandreé,GUA,09/01/2004,,Hoop,1,PUBLISHED,,2021-06-13 18:44:18.7561078 -0300,2021-06-13 18:48:10.1445647 -0300,,FALSE,,2.100,7.850,0.30,0.050,0.000,5.00,3.80,8.80,8.550,5,
224,29dcd5f6-efe0-4433-49bd-5169373911ff,Campeonato Panamericano de Adultos de Gimnasia Rítmica 2021,,,,GROUP,Apparatus Final,1,1,TRUE,5,,,8.550,0,0,0.000,99,IND,2,,0,PORRAS OSORIO,Leslie Elizabeth,GUA,23/09/1999,,Hoop,1,PUBLISHED,,2021-06-13 18:44:18.7561078 -0300,2021-06-13 18:48:10.1445647 -0300,,FALSE,,2.100,7.850,0.30,0.050,0.000,5.00,3.80,8.80,8.550,5,
225,29dcd5f6-efe0-4433-49bd-5169373911ff,Campeonato Panamericano de Adultos de Gimnasia Rítmica 2021,,,,GROUP,Apparatus Final,1,1,TRUE,5,,,8.550,0,0,0.000,99,IND,3,,0,RAMÍREZ BRAVO,Nora Ariadna,GUA,24/02/2001,,Hoop,1,PUBLISHED,,2021-06-13 18:44:18.7561078 -0300,2021-06-13 18:48:10.1445647 -0300,,FALSE,,2.100,7.850,0.30,0.050,0.000,5.00,3.80,8.80,8.550,5,
226,29dcd5f6-efe0-4433-49bd-5169373911ff,Campeonato Panamericano de Adultos de Gimnasia Rítmica 2021,,,,GROUP,Apparatus Final,1,1,TRUE,5,,,8.550,0,0,0.000,99,IND,4,,0,DIAZ CABALLEROS,Camila,GUA,23/01/2003,,Hoop,1,PUBLISHED,,2021-06-13 18:44:18.7561078 -0300,2021-06-13 18:48:10.1445647 -0300,,FALSE,,2.100,7.850,0.30,0.050,0.000,5.00,3.80,8.80,8.550,5,
227,29dcd5f6-efe0-4433-49bd-5169373911ff,Campeonato Panamericano de Adultos de Gimnasia Rítmica 2021,,,,GROUP,Apparatus Final,1,1,TRUE,5,,,8.550,0,0,0.000,99,IND,5,,0,GONZÁLEZ MALDONADO,Valeria Sofía,GUA,21/11/2003,,Hoop,1,PUBLISHED,,2021-06-13 18:44:18.7561078 -0300,2021-06-13 18:48:10.1445647 -0300,,FALSE,,2.100,7.850,0.30,0.050,0.000,5.00,3.80,8.80,8.550,5,
228,29dcd5f6-efe0-4433-49bd-5169373911ff,Campeonato Panamericano de Adultos de Gimnasia Rítmica 2021,,,,GROUP,Apparatus Final,1,1,TRUE,5,,,8.550,0,0,0.000,99,IND,6,,0,MIRANDA ARDIANO,Ashley Samantha,GUA,19/06/2005,,Hoop,1,PUBLISHED,,2021-06-13 18:44:18.7561078 -0300,2021-06-13 18:48:10.1445647 -0300,,FALSE,,2.100,7.850,0.30,0.050,0.000,5.00,3.80,8.80,8.550,5,
229,29dcd5f6-efe0-4433-49bd-5169373911ff,Campeonato Panamericano de Adultos de Gimnasia Rítmica 2021,,,,GROUP,Apparatus Final,1,2,TRUE,2,,,35.950,0,0,0.000,99,IND,1,,0,VILLANUEVA VAZQUEZ,Karen,MEX,10/11/1998,,Hoop,1,PUBLISHED,,2021-06-13 18:51:59.7930276 -0300,2021-06-13 18:54:53.3851722 -0300,,FALSE,,0.900,1.800,0.05,7.300,0.000,22.70,6.00,28.70,35.950,2,
230,29dcd5f6-efe0-4433-49bd-5169373911ff,Campeonato Panamericano de Adultos de Gimnasia Rítmica 2021,,,,GROUP,Apparatus Final,1,2,TRUE,2,,,35.950,0,0,0.000,99,IND,2,,0,GARZA MOCTEZUMA,Andrea Melissa,MEX,02/02/2001,,Hoop,1,PUBLISHED,,2021-06-13 18:51:59.7930276 -0300,2021-06-13 18:54:53.3851722 -0300,,FALSE,,0.900,1.800,0.05,7.300,0.000,22.70,6.00,28.70,35.950,2,
231,29dcd5f6-efe0-4433-49bd-5169373911ff,Campeonato Panamericano de Adultos de Gimnasia Rítmica 2021,,,,GROUP,Apparatus Final,1,2,TRUE,2,,,35.950,0,0,0.000,99,IND,3,,0,RUIZ VELASCO VELASCO,Sara,MEX,17/04/2002,,Hoop,1,PUBLISHED,,2021-06-13 18:51:59.7930276 -0300,2021-06-13 18:54:53.3851722 -0300,,FALSE,,0.900,1.800,0.05,7.300,0.000,22.70,6.00,28.70,35.950,2,
232,29dcd5f6-efe0-4433-49bd-5169373911ff,Campeonato Panamericano de Adultos de Gimnasia Rítmica 2021,,,,GROUP,Apparatus Final,1,2,TRUE,2,,,35.950,0,0,0.000,99,IND,4,,0,TEJEDA AMARO,Adirem,MEX,21/06/2002,,Hoop,1,PUBLISHED,,2021-06-13 18:51:59.7930276 -0300,2021-06-13 18:54:53.3851722 -0300,,FALSE,,0.900,1.800,0.05,7.300,0.000,22.70,6.00,28.70,35.950,2,
233,29dcd5f6-efe0-4433-49bd-5169373911ff,Campeonato Panamericano de Adultos de Gimnasia Rítmica 2021,,,,GROUP,Apparatus Final,1,2,TRUE,2,,,35.950,0,0,0.000,99,IND,5,,0,HERNANDEZ SALAZAR CALLES,Adriana Haydee,MEX,16/01/2003,,Hoop,1,PUBLISHED,,2021-06-13 18:51:59.7930276 -0300,2021-06-13 18:54:53.3851722 -0300,,FALSE,,0.900,1.800,0.05,7.300,0.000,22.70,6.00,28.70,35.950,2,
234,29dcd5f6-efe0-4433-49bd-5169373911ff,Campeonato Panamericano de Adultos de Gimnasia Rítmica 2021,,,,GROUP,Apparatus Final,1,2,TRUE,2,,,35.950,0,0,0.000,99,IND,6,,0,,,,01/01/0001,,Hoop,1,PUBLISHED,,2021-06-13 18:51:59.7930276 -0300,2021-06-13 18:54:53.3851722 -0300,,FALSE,,0.900,1.800,0.05,7.300,0.000,22.70,6.00,28.70,35.950,2,
235,29dcd5f6-efe0-4433-49bd-5169373911ff,Campeonato Panamericano de Adultos de Gimnasia Rítmica 2021,,,,GROUP,Apparatus Final,1,3,TRUE,3,,,33.200,0,0,0.000,99,IND,1,,0,MIZUNO,Lili,USA,04/02/2001,,Hoop,1,PUBLISHED,,2021-06-13 18:58:21.7523098 -0300,2021-06-13 19:01:34.2708212 -0300,,FALSE,,1.400,2.800,0.00,5.800,0.000,21.70,5.70,27.40,33.200,3,
236,29dcd5f6-efe0-4433-49bd-5169373911ff,Campeonato Panamericano de Adultos de Gimnasia Rítmica 2021,,,,GROUP,Apparatus Final,1,3,TRUE,3,,,33.200,0,0,0.000,99,IND,2,,0,CONNOR,Isabelle Anne,USA,22/07/2000,,Hoop,1,PUBLISHED,,2021-06-13 18:58:21.7523098 -0300,2021-06-13 19:01:34.2708212 -0300,,FALSE,,1.400,2.800,0.00,5.800,0.000,21.70,5.70,27.40,33.200,3,
237,29dcd5f6-efe0-4433-49bd-5169373911ff,Campeonato Panamericano de Adultos de Gimnasia Rítmica 2021,,,,GROUP,Apparatus Final,1,3,TRUE,3,,,33.200,0,0,0.000,99,IND,3,,0,PLETNEVA,Elizaveta,USA,21/01/2002,,Hoop,1,PUBLISHED,,2021-06-13 18:58:21.7523098 -0300,2021-06-13 19:01:34.2708212 -0300,,FALSE,,1.400,2.800,0.00,5.800,0.000,21.70,5.70,27.40,33.200,3,
238,29dcd5f6-efe0-4433-49bd-5169373911ff,Campeonato Panamericano de Adultos de Gimnasia Rítmica 2021,,,,GROUP,Apparatus Final,1,3,TRUE,3,,,33.200,0,0,0.000,99,IND,4,,0,MERENZON,Yelyzaveta Oleksandrivna,USA,12/08/1999,,Hoop,1,PUBLISHED,,2021-06-13 18:58:21.7523098 -0300,2021-06-13 19:01:34.2708212 -0300,,FALSE,,1.400,2.800,0.00,5.800,0.000,21.70,5.70,27.40,33.200,3,
239,29dcd5f6-efe0-4433-49bd-5169373911ff,Campeonato Panamericano de Adultos de Gimnasia Rítmica 2021,,,,GROUP,Apparatus Final,1,3,TRUE,3,,,33.200,0,0,0.000,99,IND,5,,0,FEELEY,Camilla McAllister,USA,14/11/1999,,Hoop,1,PUBLISHED,,2021-06-13 18:58:21.7523098 -0300,2021-06-13 19:01:34.2708212 -0300,,FALSE,,1.400,2.800,0.00,5.800,0.000,21.70,5.70,27.40,33.200,3,
240,29dcd5f6-efe0-4433-49bd-5169373911ff,Campeonato Panamericano de Adultos de Gimnasia Rítmica 2021,,,,GROUP,Apparatus Final,1,3,TRUE,3,,,33.200,0,0,0.000,99,IND,6,,0,Camilla McAllister,Nicole Angela,USA,02/11/1999,,Hoop,1,PUBLISHED,,2021-06-13 18:58:21.7523098 -0300,2021-06-13 19:01:34.2708212 -0300,,FALSE,,1.400,2.800,0.00,5.800,0.000,21.70,5.70,27.40,33.200,3,
241,29dcd5f6-efe0-4433-49bd-5169373911ff,Campeonato Panamericano de Adultos de Gimnasia Rítmica 2021,,,,GROUP,Apparatus Final,1,4,TRUE,4,,,13.350,0,0,0.000,99,IND,1,,0,LOPEZ,Virginia,ARG,20/08/2002,,Hoop,1,PUBLISHED,,2021-06-13 19:10:05.8718371 -0300,2021-06-13 19:13:07.5827894 -0300,,FALSE,,1.800,5.550,0.00,2.650,0.000,7.30,3.40,10.70,13.350,4,
242,29dcd5f6-efe0-4433-49bd-5169373911ff,Campeonato Panamericano de Adultos de Gimnasia Rítmica 2021,,,,GROUP,Apparatus Final,1,4,TRUE,4,,,13.350,0,0,0.000,99,IND,2,,0,LONDERO,Paula Valentina,ARG,18/01/2001,,Hoop,1,PUBLISHED,,2021-06-13 19:10:05.8718371 -0300,2021-06-13 19:13:07.5827894 -0300,,FALSE,,1.800,5.550,0.00,2.650,0.000,7.30,3.40,10.70,13.350,4,
243,29dcd5f6-efe0-4433-49bd-5169373911ff,Campeonato Panamericano de Adultos de Gimnasia Rítmica 2021,,,,GROUP,Apparatus Final,1,4,TRUE,4,,,13.350,0,0,0.000,99,IND,3,,0,MORALES,Karen Alejandra,ARG,01/10/2001,,Hoop,1,PUBLISHED,,2021-06-13 19:10:05.8718371 -0300,2021-06-13 19:13:07.5827894 -0300,,FALSE,,1.800,5.550,0.00,2.650,0.000,7.30,3.40,10.70,13.350,4,
244,29dcd5f6-efe0-4433-49bd-5169373911ff,Campeonato Panamericano de Adultos de Gimnasia Rítmica 2021,,,,GROUP,Apparatus Final,1,4,TRUE,4,,,13.350,0,0,0.000,99,IND,4,,0,CASINI RABASA,Giuliana,ARG,17/01/2002,,Hoop,1,PUBLISHED,,2021-06-13 19:10:05.8718371 -0300,2021-06-13 19:13:07.5827894 -0300,,FALSE,,1.800,5.550,0.00,2.650,0.000,7.30,3.40,10.70,13.350,4,
245,29dcd5f6-efe0-4433-49bd-5169373911ff,Campeonato Panamericano de Adultos de Gimnasia Rítmica 2021,,,,GROUP,Apparatus Final,1,4,TRUE,4,,,13.350,0,0,0.000,99,IND,5,,0,REYNA,Maria Eugenia,ARG,11/01/2002,,Hoop,1,PUBLISHED,,2021-06-13 19:10:05.8718371 -0300,2021-06-13 19:13:07.5827894 -0300,,FALSE,,1.800,5.550,0.00,2.650,0.000,7.30,3.40,10.70,13.350,4,
246,29dcd5f6-efe0-4433-49bd-5169373911ff,Campeonato Panamericano de Adultos de Gimnasia Rítmica 2021,,,,GROUP,Apparatus Final,1,4,TRUE,4,,,13.350,0,0,0.000,99,IND,6,,0,,,,01/01/0001,,Hoop,1,PUBLISHED,,2021-06-13 19:10:05.8718371 -0300,2021-06-13 19:13:07.5827894 -0300,,FALSE,,1.800,5.550,0.00,2.650,0.000,7.30,3.40,10.70,13.350,4,
247,29dcd5f6-efe0-4433-49bd-5169373911ff,Campeonato Panamericano de Adultos de Gimnasia Rítmica 2021,,,,GROUP,Apparatus Final,1,5,TRUE,1,,,36.650,0,0,0.000,99,IND,1,,0,MEDRADO BARBOSA,Déborah,BRA,13/07/2002,,Hoop,1,PUBLISHED,,2021-06-13 19:15:15.9675687 -0300,2021-06-13 19:18:09.1372267 -0300,,FALSE,,0.500,1.550,0.00,7.950,0.000,22.50,6.20,28.70,36.650,1,
248,29dcd5f6-efe0-4433-49bd-5169373911ff,Campeonato Panamericano de Adultos de Gimnasia Rítmica 2021,,,,GROUP,Apparatus Final,1,5,TRUE,1,,,36.650,0,0,0.000,99,IND,2,,0,LINHARES SILVA,Beatriz,BRA,04/02/2003,,Hoop,1,PUBLISHED,,2021-06-13 19:15:15.9675687 -0300,2021-06-13 19:18:09.1372267 -0300,,FALSE,,0.500,1.550,0.00,7.950,0.000,22.50,6.20,28.70,36.650,1,
249,29dcd5f6-efe0-4433-49bd-5169373911ff,Campeonato Panamericano de Adultos de Gimnasia Rítmica 2021,,,,GROUP,Apparatus Final,1,5,TRUE,1,,,36.650,0,0,0.000,99,IND,3,,0,SANTOS DA SILVA,Geovanna,BRA,15/02/2002,,Hoop,1,PUBLISHED,,2021-06-13 19:15:15.9675687 -0300,2021-06-13 19:18:09.1372267 -0300,,FALSE,,0.500,1.550,0.00,7.950,0.000,22.50,6.20,28.70,36.650,1,
250,29dcd5f6-efe0-4433-49bd-5169373911ff,Campeonato Panamericano de Adultos de Gimnasia Rítmica 2021,,,,GROUP,Apparatus Final,1,5,TRUE,1,,,36.650,0,0,0.000,99,IND,4,,0,URQUIZA GALVÃO,Bárbara Vitória,BRA,24/01/2003,,Hoop,1,PUBLISHED,,2021-06-13 19:15:15.9675687 -0300,2021-06-13 19:18:09.1372267 -0300,,FALSE,,0.500,1.550,0.00,7.950,0.000,22.50,6.20,28.70,36.650,1,
251,29dcd5f6-efe0-4433-49bd-5169373911ff,Campeonato Panamericano de Adultos de Gimnasia Rítmica 2021,,,,GROUP,Apparatus Final,1,5,TRUE,1,,,36.650,0,0,0.000,99,IND,5,,0,MORAES DA SILVA,Gabrielle,BRA,04/03/1997,,Hoop,1,PUBLISHED,,2021-06-13 19:15:15.9675687 -0300,2021-06-13 19:18:09.1372267 -0300,,FALSE,,0.500,1.550,0.00,7.950,0.000,22.50,6.20,28.70,36.650,1,
252,29dcd5f6-efe0-4433-49bd-5169373911ff,Campeonato Panamericano de Adultos de Gimnasia Rítmica 2021,,,,GROUP,Apparatus Final,1,5,TRUE,1,,,36.650,0,0,0.000,99,IND,6,,0,DE ALMEIDA ARAKAKI,Maria Eduarda,BRA,12/08/2003,,Hoop,1,PUBLISHED,,2021-06-13 19:15:15.9675687 -0300,2021-06-13 19:18:09.1372267 -0300,,FALSE,,0.500,1.550,0.00,7.950,0.000,22.50,6.20,28.70,36.650,1,
